Frame,MonotonicTimeMs
0,138779656
1,138779692
2,138779733
3,138779773
4,138779791
5,138779808
6,138779854
7,138779858
8,138779889
9,138779897
10,138779908
11,138779924
12,138779946
13,138779975
14,138780000
15,138780014
16,138780033
17,138780044
18,138780066
19,138780080
20,138780097
21,138780114
22,138780133
23,138780150
24,138780167
25,138780192
26,138780225
27,138780235
28,138796074
29,138796120
30,138796127
31,138796139
32,138796172
33,138796177
34,138796219
35,138796276
36,138796307
37,138796363
38,138796420
39,138796439
40,138796451
41,138796459
42,138796475
43,138796490
44,138796508
45,138796528
46,138796546
47,138796562
48,138796580
49,138796596
50,138796613
51,138796624
52,138796642
53,138796659
54,138796675
55,138796692
56,138796707
57,138796721
58,138796731
59,138796756
60,138796775
61,138796790
62,138796803
63,138796826
64,138796852
65,138796880
66,138796896
67,138796910
68,138796922
69,138796942
70,138796949
71,138796959
72,138796973
73,138796991
74,138797008
75,138797025
76,138797043
77,138797060
78,138797076
79,138797091
80,138797107
81,138797123
82,138797139
83,138797155
84,138797178
85,138797194
86,138797217
87,138797243
88,138797264
89,138797286
90,138797320
91,138797340
92,138797357
93,138797373
94,138797387
95,138797404
96,138797422
97,138797439
98,138797456
99,138797473
100,138797490
101,138797507
102,138797525
103,138797547
104,138797560
105,138797576
106,138797592
107,138797609
108,138797626
109,138797641
110,138797656
111,138797677
112,138797688
113,138797709
114,138797723
115,138797743
116,138797758
117,138797781
118,138797805
119,138797834
120,138797858
121,138797877
122,138797891
123,138797906
124,138797924
125,138797940
126,138797957
127,138797974
128,138797990
129,138798008
130,138798025
131,138798041
132,138798058
133,138798075
134,138798091
135,138798106
136,138798125
137,138798136
138,138798152
139,138798172
140,138798186
141,138798202
142,138798226
143,138798242
144,138798257
145,138798277
146,138798305
147,138798314
148,138798338
149,138798346
150,138798372
151,138798388
152,138798413
153,138798421
154,138798434
155,138798457
156,138798470
157,138798487
158,138798504
159,138798521
160,138798539
161,138798555
162,138798573
163,138798590
164,138798606
165,138798623
166,138798639
167,138798654
168,138798670
169,138798688
170,138798702
171,138798729
172,138798736
173,138798753
174,138798772
175,138798784
176,138798799
177,138798832
178,138798846
179,138798858
180,138798880
181,138798897
182,138798912
183,138798927
184,138798943
185,138798958
186,138798975
187,138798990
188,138799006
189,138799023
190,138799040
191,138799057
192,138799073
193,138799089
194,138799106
195,138799122
196,138799139
197,138799156
198,138799172
199,138799186
200,138799205
201,138799241
202,138799262
203,138799270
204,138799305
205,138799319
206,138799344
207,138799375
208,138799383
209,138799390
210,138799411
211,138799423
212,138799440
213,138799457
214,138799474
215,138799491
216,138799507
217,138799524
218,138799539
219,138799556
220,138799574
221,138799591
222,138799608
223,138799623
224,138799640
225,138799658
226,138799672
227,138799691
228,138799710
229,138799723
230,138799742
231,138799757
232,138799781
233,138799796
234,138799826
235,138799849
236,138799872
237,138799887
238,138799900
239,138799908
240,138799925
241,138799944
242,138799958
243,138799974
244,138799991
245,138800007
246,138800024
247,138800042
248,138800059
249,138800075
250,138800093
251,138800108
252,138800125
253,138800144
254,138800159
255,138800177
256,138800190
257,138800208
258,138800230
259,138800254
260,138800284
261,138800312
262,138800333
263,138800371
264,138800382
265,138800396
266,138800412
267,138800425
268,138800442
269,138800458
270,138800478
271,138800493
272,138800508
273,138800525
274,138800542
275,138800559
276,138800576
277,138800593
278,138800610
279,138800630
280,138800644
281,138800666
282,138800676
283,138800693
284,138800725
285,138800741
286,138800759
287,138800781
288,138800789
289,138800800
290,138800824
291,138800838
292,138800852
293,138800872
294,138800886
295,138800904
296,138800921
297,138800937
298,138800953
299,138800970
300,138800985
301,138801001
302,138801017
303,138801034
304,138801050
305,138801066
306,138801081
307,138801096
308,138801116
309,138801130
310,138801148
311,138801163
312,138801180
313,138801204
314,138801218
315,138801229
316,138801255
317,138801266
318,138801287
319,138801299
320,138801316
321,138801338
322,138801355
323,138801375
324,138801386
325,138801403
326,138801418
327,138801435
328,138801453
329,138801470
330,138801487
331,138801501
332,138801517
333,138801533
334,138801550
335,138801565
336,138801582
337,138801599
338,138801617
339,138801633
340,138801651
341,138801665
342,138801684
343,138801713
344,138801727
345,138801740
346,138801754
347,138801773
348,138801795
349,138801813
350,138801831
351,138801845
352,138801862
353,138801887
354,138801906
355,138801920
356,138801936
357,138801954
358,138801971
359,138801987
360,138802005
361,138802022
362,138802040
363,138802055
364,138802072
365,138802088
366,138802104
367,138802125
368,138802140
369,138802155
370,138802168
371,138802185
372,138802203
373,138802216
374,138802238
375,138802258
376,138802270
377,138802301
378,138802329
379,138802357
380,138802376
381,138802404
382,138802423
383,138802442
384,138802455
385,138802475
386,138802488
387,138802505
388,138802522
389,138802538
390,138802555
391,138802572
392,138802588
393,138802605
394,138802623
395,138802640
396,138802656
397,138802672
398,138802688
399,138802705
400,138802733
401,138802757
402,138802773
403,138802795
404,138802805
405,138802823
406,138802847
407,138802860
408,138802871
409,138802887
410,138802905
411,138802923
412,138802939
413,138802957
414,138802973
415,138802989
416,138803006
417,138803023
418,138803039
419,138803057
420,138803074
421,138803090
422,138803106
423,138803123
424,138803140
425,138803156
426,138803173
427,138803189
428,138803206
429,138803223
430,138803245
431,138803258
432,138803274
433,138803294
434,138803325
435,138803356
436,138803375
437,138803395
438,138803413
439,138803424
440,138803446
441,138803461
442,138803474
443,138803490
444,138803507
445,138803524
446,138803540
447,138803558
448,138803574
449,138803593
450,138803609
451,138803625
452,138803641
453,138803658
454,138803686
455,138803697
456,138803715
457,138803733
458,138803745
459,138803768
460,138803799
461,138803811
462,138803826
463,138803846
464,138803876
465,138803893
466,138803913
467,138803926
468,138803941
469,138803961
470,138803975
471,138803992
472,138804009
473,138804025
474,138804041
475,138804057
476,138804077
477,138804091
478,138804113
479,138804125
480,138804141
481,138804162
482,138804175
483,138804194
484,138804207
485,138804226
486,138804249
487,138804285
488,138804318
489,138804336
490,138804347
491,138804378
492,138804407
493,138804418
494,138804434
495,138804447
496,138804460
497,138804476
498,138804493
499,138804510
500,138804525
501,138804542
502,138804559
503,138804575
504,138804594
505,138804609
506,138804628
507,138804649
508,138804659
509,138804675
510,138804700
511,138804711
512,138804727
513,138804752
514,138804773
515,138804794
516,138804831
517,138804848
518,138804866
519,138804877
520,138804884
521,138804896
522,138804916
523,138804929
524,138804946
525,138804963
526,138804979
527,138804995
528,138805011
529,138805027
530,138805043
531,138805060
532,138805077
533,138805094
534,138805110
535,138805126
536,138805153
537,138805166
538,138805177
539,138805204
540,138805217
541,138805232
542,138805253
543,138805277
544,138805303
545,138805338
546,138805349
547,138805367
548,138805380
549,138805399
550,138805414
551,138805430
552,138805446
553,138805463
554,138805479
555,138805495
556,138805513
557,138805529
558,138805546
559,138805565
560,138805579
561,138805596
562,138805615
563,138805629
564,138805646
565,138805665
566,138805686
567,138805701
568,138805712
569,138805738
570,138805765
571,138805780
572,138805809
573,138805829
574,138805854
575,138805877
576,138805891
577,138805904
578,138805929
579,138805946
580,138805963
581,138805979
582,138805995
583,138806012
584,138806030
585,138806046
586,138806064
587,138806081
588,138806097
589,138806114
590,138806134
591,138806147
592,138806166
593,138806187
594,138806206
595,138806228
596,138806252
597,138806270
598,138806299
599,138806317
600,138806345
601,138806369
602,138806397
603,138806412
604,138806431
605,138806446
606,138806463
607,138806482
608,138806498
609,138806514
610,138806534
611,138806549
612,138806566
613,138806582
614,138806600
615,138806616
616,138806632
617,138806651
618,138806666
619,138806687
620,138806701
621,138806719
622,138806737
623,138806756
624,138806766
625,138806783
626,138806800
627,138806817
628,138806838
629,138806850
630,138806890
631,138806927
632,138806949
633,138806966
634,138806986
635,138806999
636,138807015
637,138807032
638,138807049
639,138807067
640,138807084
641,138807101
642,138807123
643,138807134
644,138807151
645,138807168
646,138807186
647,138807205
648,138807223
649,138807260
650,138807284
651,138807294
652,138807324
653,138807334
654,138807353
655,138807375
656,138807401
657,138807421
658,138807434
659,138807450
660,138807466
661,138807487
662,138807501
663,138807517
664,138807534
665,138807551
666,138807570
667,138807585
668,138807601
669,138807618
670,138807635
671,138807653
672,138807669
673,138807689
674,138807705
675,138807726
676,138807744
677,138807769
678,138807781
679,138807812
680,138807827
681,138807854
682,138807871
683,138807886
684,138807914
685,138807935
686,138807955
687,138807968
688,138807984
689,138808001
690,138808018
691,138808037
692,138808052
693,138808068
694,138808086
695,138808102
696,138808118
697,138808144
698,138808154
699,138808172
700,138808190
701,138808203
702,138808223
703,138808236
704,138808273
705,138808289
706,138808316
707,138808338
708,138808354
709,138808371
710,138808386
711,138808405
712,138808423
713,138808437
714,138808457
715,138808473
716,138808486
717,138808503
718,138808519
719,138808536
720,138808553
721,138808573
722,138808585
723,138808602
724,138808619
725,138808637
726,138808654
727,138808672
728,138808692
729,138808707
730,138808726
731,138808737
732,138808758
733,138808776
734,138808788
735,138808804
736,138808833
737,138808856
738,138808886
739,138808913
740,138808934
741,138808956
742,138808971
743,138808990
744,138809006
745,138809020
746,138809038
747,138809056
748,138809073
749,138809089
750,138809106
751,138809123
752,138809139
753,138809163
754,138809173
755,138809192
756,138809206
757,138809222
758,138809240
759,138809258
760,138809274
761,138809302
762,138809328
763,138809360
764,138809376
765,138809418
766,138809433
767,138809454
768,138809465
769,138809474
770,138809493
771,138809507
772,138809526
773,138809540
774,138809556
775,138809573
776,138809590
777,138809606
778,138809622
779,138809640
780,138809657
781,138809673
782,138809688
783,138809704
784,138809723
785,138809738
786,138809757
787,138809775
788,138809793
789,138809816
790,138809828
791,138809844
792,138809864
793,138809875
794,138809892
795,138809908
796,138809925
797,138809943
798,138809959
799,138809975
800,138809992
801,138810008
802,138810025
803,138810042
804,138810058
805,138810075
806,138810091
807,138810109
808,138810127
809,138810141
810,138810156
811,138810173
812,138810196
813,138810208
814,138810223
815,138810241
816,138810260
817,138810274
818,138810292
819,138810318
820,138810343
821,138810372
822,138810384
823,138810395
824,138810412
825,138810427
826,138810445
827,138810460
828,138810479
829,138810494
830,138810510
831,138810526
832,138810542
833,138810559
834,138810576
835,138810593
836,138810609
837,138810624
838,138810642
839,138810659
840,138810677
841,138810692
842,138810713
843,138810726
844,138810743
845,138810759
846,138810784
847,138810798
848,138810814
849,138810840
850,138810863
851,138810870
852,138810886
853,138810896
854,138810916
855,138810929
856,138810945
857,138810962
858,138810978
859,138810995
860,138811013
861,138811030
862,138811060
863,138811080
864,138811093
865,138811109
866,138811126
867,138811145
868,138811160
869,138811177
870,138811198
871,138811216
872,138811226
873,138811254
874,138811276
875,138811290
876,138811301
877,138811315
878,138811328
879,138811344
880,138811363
881,138811380
882,138811396
883,138811422
884,138811432
885,138811449
886,138811462
887,138811479
888,138811495
889,138811512
890,138811529
891,138811546
892,138811562
893,138811578
894,138811600
895,138811611
896,138811628
897,138811655
898,138811667
899,138811678
900,138811703
901,138811712
902,138811728
903,138811752
904,138811775
905,138811785
906,138811800
907,138811823
908,138811839
909,138811848
910,138811864
911,138811891
912,138811904
913,138811914
914,138811931
915,138811947
916,138811963
917,138811980
918,138811996
919,138812012
920,138812029
921,138812047
922,138812063
923,138812078
924,138812094
925,138812113
926,138812128
927,138812145
928,138812162
929,138812179
930,138812195
931,138812212
932,138812228
933,138812245
934,138812265
935,138812284
936,138812305
937,138812314
938,138812337
939,138812367
940,138812385
941,138812413
942,138812416
943,138812435
944,138812449
945,138812468
946,138812483
947,138812499
948,138812515
949,138812531
950,138812547
951,138812564
952,138812581
953,138812599
954,138812618
955,138812630
956,138812647
957,138812665
958,138812683
959,138812698
960,138812714
961,138812739
962,138812754
963,138812768
964,138812787
965,138812807
966,138812817
967,138812833
968,138812854
969,138812872
970,138812898
971,138812908
972,138812930
973,138812940
974,138812952
975,138812968
976,138812984
977,138812999
978,138813016
979,138813032
980,138813048
981,138813065
982,138813081
983,138813099
984,138813115
985,138813132
986,138813148
987,138813166
988,138813182
989,138813202
990,138813218
991,138813231
992,138813250
993,138813271
994,138813287
995,138813303
996,138813317
997,138813334
998,138813358
999,138813398
1000,138813433
1001,138813451
1002,138813474
1003,138813485
1004,138813500
1005,138813517
1006,138813534
1007,138813550
1008,138813567
1009,138813583
1010,138813600
1011,138813617
1012,138813636
1013,138813651
1014,138813667
1015,138813689
1016,138813706
1017,138813717
1018,138813736
1019,138813755
1020,138813770
1021,138813787
1022,138813802
1023,138813822
1024,138813836
1025,138813852
1026,138813871
1027,138813895
1028,138813917
1029,138813938
1030,138813955
1031,138813971
1032,138813988
1033,138814005
1034,138814021
1035,138814037
1036,138814054
1037,138814070
1038,138814086
1039,138814102
1040,138814127
1041,138814137
1042,138814152
1043,138814173
1044,138814185
1045,138814206
1046,138814223
1047,138814233
1048,138814250
1049,138814281
1050,138814293
1051,138814306
1052,138814326
1053,138814352
1054,138814362
1055,138814375
1056,138814393
1057,138814406
1058,138814427
1059,138814440
1060,138814457
1061,138814473
1062,138814490
1063,138814506
1064,138814522
1065,138814539
1066,138814555
1067,138814571
1068,138814588
1069,138814604
1070,138814622
1071,138814637
1072,138814662
1073,138814669
1074,138814684
1075,138814711
1076,138814731
1077,138814757
1078,138814778
1079,138814796
1080,138814815
1081,138814848
1082,138814872
1083,138814882
1084,138814905
1085,138814932
1086,138814939
1087,138814956
1088,138814973
1089,138814989
1090,138815006
1091,138815023
1092,138815040
1093,138815058
1094,138815073
1095,138815090
1096,138815106
1097,138815122
1098,138815138
1099,138815156
1100,138815469
1101,138815473
1102,138815481
1103,138815508
1104,138815524
1105,138815541
1106,138815562
1107,138815576
1108,138815591
1109,138815608
1110,138815624
1111,138815641
1112,138815657
1113,138815675
1114,138815691
1115,138815713
1116,138815723
1117,138815739
1118,138815763
1119,138815775
1120,138815808
1121,138815818
1122,138815854
1123,138815880
1124,138815891
1125,138815900
1126,138815915
1127,138815926
1128,138815942
1129,138815957
1130,138815974
1131,138815991
1132,138816008
1133,138816025
1134,138816042
1135,138816058
1136,138816075
1137,138816093
1138,138816108
1139,138816128
1140,138816142
1141,138816158
1142,138816183
1143,138816196
1144,138816210
1145,138816225
1146,138816240
1147,138816258
1148,138816278
1149,138816294
1150,138816311
1151,138816330
1152,138816346
1153,138816362
1154,138816400
1155,138816410
1156,138816418
1157,138816445
1158,138816458
1159,138816476
1160,138816492
1161,138816509
1162,138816525
1163,138816542
1164,138816560
1165,138816576
1166,138816592
1167,138816609
1168,138816626
1169,138816644
1170,138816660
1171,138816678
1172,138816694
1173,138816708
1174,138816727
1175,138816748
1176,138816769
1177,138816786
1178,138816801
1179,138816812
1180,138816832
1181,138816855
1182,138816874
1183,138816887
1184,138816897
1185,138816914
1186,138816930
1187,138816945
1188,138816969
1189,138816978
1190,138816993
1191,138817010
1192,138817027
1193,138817043
1194,138817060
1195,138817078
1196,138817094
1197,138817110
1198,138817126
1199,138817143
1200,138817161
1201,138817178
1202,138817195
1203,138817213
1204,138817227
1205,138817243
1206,138817260
1207,138817277
1208,138817298
1209,138817315
1210,138817336
1211,138817354
1212,138817372
1213,138817384
1214,138817398
1215,138817414
1216,138817431
1217,138817446
1218,138817463
1219,138817480
1220,138817496
1221,138817513
1222,138817530
1223,138817546
1224,138817562
1225,138817579
1226,138817596
1227,138817613
1228,138817628
1229,138817645
1230,138817662
1231,138817680
1232,138817695
1233,138817713
1234,138817729
1235,138817746
1236,138817781
1237,138817794
1238,138817815
1239,138817841
1240,138817855
1241,138817874
1242,138817887
1243,138817906
1244,138817922
1245,138817936
1246,138817947
1247,138817965
1248,138817981
1249,138817997
1250,138818014
1251,138818030
1252,138818046
1253,138818063
1254,138818080
1255,138818097
1256,138818113
1257,138818131
1258,138818145
1259,138818164
1260,138818181
1261,138818197
1262,138818216
1263,138818232
1264,138818252
1265,138818263
1266,138818280
1267,138818298
1268,138818314
1269,138818334
1270,138818352
1271,138818371
1272,138818383
1273,138818401
1274,138818415
1275,138818437
1276,138818454
1277,138818468
1278,138818482
1279,138818499
1280,138818515
1281,138818532
1282,138818549
1283,138818566
1284,138818583
1285,138818600
1286,138818617
1287,138818631
1288,138818649
1289,138818668
1290,138818682
1291,138818698
1292,138818715
1293,138818735
1294,138818749
1295,138818772
1296,138818786
1297,138818802
1298,138818826
1299,138818834
1300,138818852
1301,138818868
1302,138818891
1303,138818900
1304,138818915
1305,138818932
1306,138818949
1307,138818966
1308,138818983
1309,138818999
1310,138819018
1311,138819033
1312,138819049
1313,138819067
1314,138819083
1315,138819097
1316,138819115
1317,138819133
1318,138819148
1319,138819165
1320,138819181
1321,138819201
1322,138819219
1323,138819237
1324,138819253
1325,138819267
1326,138819300
1327,138819329
1328,138819343
1329,138819371
1330,138819391
1331,138819400
1332,138819419
1333,138819439
1334,138819451
1335,138819468
1336,138819485
1337,138819502
1338,138819518
1339,138819536
1340,138819551
1341,138819567
1342,138819584
1343,138819599
1344,138819617
1345,138819634
1346,138819650
1347,138819667
1348,138819689
1349,138819699
1350,138819718
1351,138819734
1352,138819750
1353,138819778
1354,138819790
1355,138819805
1356,138819819
1357,138819840
1358,138819856
1359,138819874
1360,138819887
1361,138819902
1362,138819924
1363,138819938
1364,138819955
1365,138819970
1366,138819990
1367,138820003
1368,138820019
1369,138820036
1370,138820053
1371,138820068
1372,138820085
1373,138820102
1374,138820121
1375,138820139
1376,138820158
1377,138820176
1378,138820198
1379,138820214
1380,138820231
1381,138820249
1382,138820267
1383,138820289
1384,138820321
1385,138820327
1386,138820339
1387,138820350
1388,138820366
1389,138820385
1390,138820398
1391,138820414
1392,138820429
1393,138820444
1394,138820460
1395,138820476
1396,138820492
1397,138820508
1398,138820525
1399,138820541
1400,138820557
1401,138820574
1402,138820590
1403,138820607
1404,138820625
1405,138820643
1406,138820659
1407,138820681
1408,138820695
1409,138820713
1410,138820730
1411,138820773
1412,138820825
1413,138820832
1414,138820850
1415,138820882
1416,138820897
1417,138820917
1418,138820932
1419,138820949
1420,138820971
1421,138820986
1422,138821005
1423,138821022
1424,138821039
1425,138821058
1426,138821078
1427,138821095
1428,138821113
1429,138821132
1430,138821150
1431,138821168
1432,138821190
1433,138821203
1434,138821218
1435,138821239
1436,138821274
1437,138821293
1438,138821303
1439,138821331
1440,138821361
1441,138821399
1442,138821427
1443,138821445
1444,138821475
1445,138821502
1446,138821513
1447,138821545
1448,138821564
1449,138821578
1450,138821596
1451,138821622
1452,138821636
1453,138821649
1454,138821666
1455,138821689
1456,138821701
1457,138821717
1458,138821736
1459,138821752
1460,138821770
1461,138821794
1462,138821818
1463,138821861
1464,138821888
1465,138821901
1466,138821916
1467,138821930
1468,138821946
1469,138821962
1470,138821979
1471,138821995
1472,138822012
1473,138822029
1474,138822045
1475,138822062
1476,138822079
1477,138822096
1478,138822114
1479,138822131
1480,138822149
1481,138822167
1482,138822184
1483,138822203
1484,138822218
1485,138822234
1486,138822250
1487,138822274
1488,138822297
1489,138822311
1490,138822348
1491,138822372
1492,138822403
1493,138822423
1494,138822437
1495,138822449
1496,138822465
1497,138822484
1498,138822498
1499,138822516
1500,138822531
1501,138822550
1502,138822567
1503,138822581
1504,138822599
1505,138822616
1506,138822635
1507,138822652
1508,138822668
1509,138822687
1510,138822705
1511,138822725
1512,138822737
1513,138822754
1514,138822771
1515,138822787
1516,138822808
1517,138822826
1518,138822854
1519,138822894
1520,138822928
1521,138822941
1522,138822960
1523,138822981
1524,138823001
1525,138823020
1526,138823033
1527,138823051
1528,138823069
1529,138823085
1530,138823102
1531,138823120
1532,138823136
1533,138823152
1534,138823175
1535,138823194
1536,138823215
1537,138823225
1538,138823253
1539,138823269
1540,138823287
1541,138823312
1542,138823325
1543,138823336
1544,138823360
1545,138823375
1546,138823390
1547,138823410
1548,138823420
1549,138823443
1550,138823453
1551,138823473
1552,138823487
1553,138823505
1554,138823519
1555,138823536
1556,138823553
1557,138823569
1558,138823587
1559,138823603
1560,138823620
1561,138823636
1562,138823658
1563,138823671
1564,138823687
1565,138823704
1566,138823728
1567,138823742
1568,138823755
1569,138823771
1570,138823800
1571,138823831
1572,138823846
1573,138823861
1574,138823879
1575,138823887
1576,138823906
1577,138823923
1578,138823937
1579,138823954
1580,138823971
1581,138823987
1582,138824004
1583,138824021
1584,138824038
1585,138824055
1586,138824071
1587,138824088
1588,138824107
1589,138824122
1590,138824143
1591,138824154
1592,138824174
1593,138824189
1594,138824207
1595,138824225
1596,138824237
1597,138824261
1598,138824275
1599,138824293
1600,138824614
1601,138824620
1602,138824634
1603,138824651
1604,138824667
1605,138824681
1606,138824706
1607,138824732
1608,138824743
1609,138824760
1610,138824774
1611,138824789
1612,138824806
1613,138824829
1614,138824856
1615,138824877
1616,138824917
1617,138824941
1618,138824952
1619,138824980
1620,138824992
1621,138825008
1622,138825024
1623,138825041
1624,138825057
1625,138825075
1626,138825091
1627,138825110
1628,138825124
1629,138825140
1630,138825162
1631,138825174
1632,138825193
1633,138825210
1634,138825225
1635,138825240
1636,138825268
1637,138825283
1638,138825309
1639,138825334
1640,138825351
1641,138825370
1642,138825381
1643,138825401
1644,138825411
1645,138825428
1646,138825448
1647,138825462
1648,138825476
1649,138825492
1650,138825509
1651,138825526
1652,138825545
1653,138825556
1654,138825576
1655,138825590
1656,138825606
1657,138825623
1658,138825641
1659,138825656
1660,138825673
1661,138825691
1662,138825708
1663,138825726
1664,138825741
1665,138825760
1666,138825789
1667,138825798
1668,138825816
1669,138825833
1670,138825844
1671,138825860
1672,138825879
1673,138825896
1674,138825913
1675,138825927
1676,138825945
1677,138825963
1678,138825978
1679,138825994
1680,138826011
1681,138826027
1682,138826043
1683,138826059
1684,138826076
1685,138826092
1686,138826110
1687,138826126
1688,138826143
1689,138826160
1690,138826180
1691,138826195
1692,138826212
1693,138826226
1694,138826243
1695,138826261
1696,138826291
1697,138826314
1698,138826329
1699,138826354
1700,138826383
1701,138826416
1702,138826443
1703,138826458
1704,138826478
1705,138826498
1706,138826515
1707,138826529
1708,138826546
1709,138826563
1710,138826579
1711,138826595
1712,138826611
1713,138826628
1714,138826646
1715,138826661
1716,138826677
1717,138826695
1718,138826711
1719,138826727
1720,138826754
1721,138826770
1722,138826778
1723,138826796
1724,138826816
1725,138826859
1726,138826888
1727,138826916
1728,138826943
1729,138826964
1730,138826972
1731,138826980
1732,138826996
1733,138827013
1734,138827031
1735,138827047
1736,138827062
1737,138827081
1738,138827097
1739,138827113
1740,138827130
1741,138827146
1742,138827167
1743,138827182
1744,138827200
1745,138827214
1746,138827238
1747,138827252
1748,138827263
1749,138827277
1750,138827311
1751,138827321
1752,138827337
1753,138827358
1754,138827367
1755,138827385
1756,138827402
1757,138827415
1758,138827431
1759,138827449
1760,138827464
1761,138827483
1762,138827497
1763,138827515
1764,138827531
1765,138827547
1766,138827563
1767,138827580
1768,138827598
1769,138827626
1770,138827636
1771,138827646
1772,138827670
1773,138827681
1774,138827697
1775,138827717
1776,138827730
1777,138827746
1778,138827763
1779,138827782
1780,138827809
1781,138827824
1782,138827832
1783,138827851
1784,138827876
1785,138827885
1786,138827903
1787,138827922
1788,138827939
1789,138827953
1790,138827969
1791,138827983
1792,138827999
1793,138828016
1794,138828032
1795,138828049
1796,138828066
1797,138828083
1798,138828100
1799,138828117
1800,138828133
1801,138828149
1802,138828167
1803,138828190
1804,138828198
1805,138828218
1806,138828241
1807,138828249
1808,138828267
1809,138828284
1810,138828308
1811,138828321
1812,138828344
1813,138828360
1814,138828374
1815,138828392
1816,138828401
1817,138828419
1818,138828435
1819,138828451
1820,138828470
1821,138828485
1822,138828501
1823,138828520
1824,138828536
1825,138828554
1826,138828567
1827,138828583
1828,138828600
1829,138828616
1830,138828633
1831,138828650
1832,138828665
1833,138828685
1834,138828700
1835,138828716
1836,138828739
1837,138828755
1838,138828769
1839,138828787
1840,138828807
1841,138828835
1842,138828860
1843,138828889
1844,138828896
1845,138828908
1846,138828925
1847,138828935
1848,138828953
1849,138828970
1850,138828989
1851,138829004
1852,138829019
1853,138829035
1854,138829052
1855,138829069
1856,138829085
1857,138829101
1858,138829117
1859,138829134
1860,138829150
1861,138829168
1862,138829186
1863,138829200
1864,138829219
1865,138829233
1866,138829250
1867,138829268
1868,138829282
1869,138829301
1870,138829319
1871,138829339
1872,138829354
1873,138829374
1874,138829394
1875,138829422
1876,138829446
1877,138829454
1878,138829478
1879,138829488
1880,138829505
1881,138829522
1882,138829539
1883,138829555
1884,138829571
1885,138829588
1886,138829606
1887,138829622
1888,138829637
1889,138829654
1890,138829670
1891,138829686
1892,138829702
1893,138829718
1894,138829733
1895,138829752
1896,138829775
1897,138829783
1898,138829803
1899,138829818
1900,138829840
1901,138829867
1902,138829899
1903,138829922
1904,138829956
1905,138829981
1906,138830005
1907,138830025
1908,138830040
1909,138830054
1910,138830072
1911,138830088
1912,138830104
1913,138830121
1914,138830137
1915,138830155
1916,138830171
1917,138830191
1918,138830206
1919,138830223
1920,138830238
1921,138830263
1922,138830275
1923,138830287
1924,138830310
1925,138830320
1926,138830337
1927,138830355
1928,138830372
1929,138830408
1930,138830422
1931,138830442
1932,138830461
1933,138830484
1934,138830498
1935,138830509
1936,138830527
1937,138830540
1938,138830556
1939,138830572
1940,138830589
1941,138830605
1942,138830623
1943,138830639
1944,138830661
1945,138830673
1946,138830688
1947,138830709
1948,138830721
1949,138830738
1950,138830754
1951,138830777
1952,138830797
1953,138830809
1954,138830840
1955,138830847
1956,138830865
1957,138830887
1958,138830912
1959,138830926
1960,138830944
1961,138830966
1962,138830985
1963,138831008
1964,138831026
1965,138831041
1966,138831057
1967,138831073
1968,138831091
1969,138831107
1970,138831123
1971,138831140
1972,138831157
1973,138831173
1974,138831190
1975,138831206
1976,138831222
1977,138831245
1978,138831258
1979,138831274
1980,138831289
1981,138831308
1982,138831324
1983,138831340
1984,138831358
1985,138831380
1986,138831408
1987,138831427
1988,138831432
1989,138831444
1990,138831459
1991,138831475
1992,138831492
1993,138831514
1994,138831526
1995,138831542
1996,138831558
1997,138831575
1998,138831592
1999,138831609
2000,138831624
2001,138831641
2002,138831658
2003,138831674
2004,138831691
2005,138831709
2006,138831727
2007,138831740
2008,138831772
2009,138831793
2010,138831812
2011,138831835
2012,138831853
2013,138831863
2014,138831895
2015,138831921
2016,138831931
2017,138831960
2018,138831978
2019,138831998
2020,138832010
2021,138832028
2022,138832045
2023,138832060
2024,138832076
2025,138832093
2026,138832110
2027,138832127
2028,138832143
2029,138832160
2030,138832178
2031,138832193
2032,138832210
2033,138832225
2034,138832243
2035,138832259
2036,138832281
2037,138832294
2038,138832310
2039,138832341
2040,138832359
2041,138832386
2042,138832413
2043,138832428
2044,138832454
2045,138832462
2046,138832478
2047,138832498
2048,138832511
2049,138832528
2050,138832545
2051,138832561
2052,138832579
2053,138832594
2054,138832612
2055,138832627
2056,138832644
2057,138832660
2058,138832677
2059,138832694
2060,138832712
2061,138832729
2062,138832744
2063,138832765
2064,138832786
2065,138832803
2066,138832821
2067,138832836
2068,138832848
2069,138832865
2070,138832884
2071,138832911
2072,138832918
2073,138832928
2074,138832952
2075,138832973
2076,138832997
2077,138833019
2078,138833037
2079,138833049
2080,138833066
2081,138833079
2082,138833095
2083,138833111
2084,138833129
2085,138833145
2086,138833163
2087,138833179
2088,138833196
2089,138833212
2090,138833229
2091,138833251
2092,138833266
2093,138833282
2094,138833303
2095,138833324
2096,138833339
2097,138833346
2098,138833364
2099,138833382
2100,138833655
2101,138833661
2102,138833671
2103,138833685
2104,138833700
2105,138833718
2106,138833734
2107,138833748
2108,138833764
2109,138833782
2110,138833806
2111,138833831
2112,138833847
2113,138833869
2114,138833889
2115,138833905
2116,138833939
2117,138833951
2118,138833980
2119,138833987
2120,138833998
2121,138834017
2122,138834033
2123,138834048
2124,138834066
2125,138834085
2126,138834101
2127,138834116
2128,138834134
2129,138834150
2130,138834166
2131,138834183
2132,138834200
2133,138834216
2134,138834232
2135,138834248
2136,138834268
2137,138834292
2138,138834314
2139,138834333
2140,138834367
2141,138834389
2142,138834416
2143,138834431
2144,138834448
2145,138834469
2146,138834491
2147,138834505
2148,138834518
2149,138834537
2150,138834552
2151,138834568
2152,138834585
2153,138834603
2154,138834620
2155,138834635
2156,138834653
2157,138834674
2158,138834686
2159,138834702
2160,138834718
2161,138834734
2162,138834750
2163,138834764
2164,138834794
2165,138834805
2166,138834824
2167,138834840
2168,138834850
2169,138834868
2170,138834887
2171,138834901
2172,138834921
2173,138834936
2174,138834952
2175,138834970
2176,138834986
2177,138835006
2178,138835019
2179,138835036
2180,138835052
2181,138835070
2182,138835085
2183,138835102
2184,138835119
2185,138835136
2186,138835155
2187,138835170
2188,138835187
2189,138835204
2190,138835220
2191,138835238
2192,138835251
2193,138835268
2194,138835290
2195,138835329
2196,138835353
2197,138835387
2198,138835418
2199,138835439
2200,138835471
2201,138835482
2202,138835509
2203,138835519
2204,138835536
2205,138835554
2206,138835570
2207,138835587
2208,138835604
2209,138835622
2210,138835638
2211,138835655
2212,138835670
2213,138835689
2214,138835704
2215,138835724
2216,138835738
2217,138835769
2218,138835798
2219,138835822
2220,138835841
2221,138835872
2222,138835891
2223,138835908
2224,138835931
2225,138835945
2226,138835964
2227,138835974
2228,138835988
2229,138836004
2230,138836022
2231,138836038
2232,138836054
2233,138836072
2234,138836089
2235,138836106
2236,138836122
2237,138836138
2238,138836155
2239,138836173
2240,138836189
2241,138836206
2242,138836223
2243,138836239
2244,138836254
2245,138836287
2246,138836309
2247,138836324
2248,138836341
2249,138836363
2250,138836377
2251,138836396
2252,138836413
2253,138836423
2254,138836442
2255,138836464
2256,138836483
2257,138836507
2258,138836526
2259,138836539
2260,138836555
2261,138836571
2262,138836588
2263,138836606
2264,138836622
2265,138836640
2266,138836656
2267,138836673
2268,138836690
2269,138836708
2270,138836723
2271,138836739
2272,138836757
2273,138836773
2274,138836789
2275,138836815
2276,138836834
2277,138836861
2278,138836874
2279,138836910
2280,138836939
2281,138836958
2282,138836976
2283,138836990
2284,138837026
2285,138837041
2286,138837056
2287,138837073
2288,138837090
2289,138837107
2290,138837127
2291,138837141
2292,138837157
2293,138837182
2294,138837193
2295,138837207
2296,138837236
2297,138837247
2298,138837263
2299,138837274
2300,138837294
2301,138837336
2302,138837346
2303,138837358
2304,138837378
2305,138837408
2306,138837435
2307,138837454
2308,138837479
2309,138837491
2310,138837508
2311,138837525
2312,138837542
2313,138837558
2314,138837577
2315,138837593
2316,138837610
2317,138837625
2318,138837643
2319,138837659
2320,138837677
2321,138837692
2322,138837711
2323,138837726
2324,138837747
2325,138837765
2326,138837777
2327,138837792
2328,138837816
2329,138837853
2330,138837865
2331,138837877
2332,138837895
2333,138837910
2334,138837929
2335,138837948
2336,138837961
2337,138837979
2338,138837997
2339,138838013
2340,138838028
2341,138838043
2342,138838059
2343,138838079
2344,138838093
2345,138838110
2346,138838127
2347,138838145
2348,138838161
2349,138838177
2350,138838194
2351,138838211
2352,138838232
2353,138838244
2354,138838275
2355,138838284
2356,138838295
2357,138838322
2358,138838354
2359,138838378
2360,138838394
2361,138838413
2362,138838430
2363,138838467
2364,138838482
2365,138838494
2366,138838512
2367,138838527
2368,138838544
2369,138838562
2370,138838577
2371,138838594
2372,138838612
2373,138838628
2374,138838647
2375,138838661
2376,138838677
2377,138838699
2378,138838712
2379,138838728
2380,138838746
2381,138838761
2382,138838779
2383,138838806
2384,138838815
2385,138838831
2386,138838846
2387,138838871
2388,138838883
2389,138838898
2390,138838914
2391,138838934
2392,138838948
2393,138838970
2394,138838990
2395,138839012
2396,138839035
2397,138839049
2398,138839062
2399,138839080
2400,138839095
2401,138839111
2402,138839127
2403,138839144
2404,138839160
2405,138839178
2406,138839195
2407,138839214
2408,138839230
2409,138839246
2410,138839262
2411,138839280
2412,138839301
2413,138839321
2414,138839334
2415,138839349
2416,138839369
2417,138839387
2418,138839408
2419,138839429
2420,138839459
2421,138839475
2422,138839492
2423,138839515
2424,138839535
2425,138839547
2426,138839563
2427,138839579
2428,138839596
2429,138839613
2430,138839631
2431,138839647
2432,138839665
2433,138839680
2434,138839697
2435,138839716
2436,138839731
2437,138839752
2438,138839767
2439,138839789
2440,138839799
2441,138839815
2442,138839834
2443,138839850
2444,138839864
2445,138839885
2446,138839907
2447,138839916
2448,138839940
2449,138839953
2450,138839972
2451,138839985
2452,138840006
2453,138840018
2454,138840032
2455,138840048
2456,138840065
2457,138840082
2458,138840100
2459,138840117
2460,138840132
2461,138840152
2462,138840168
2463,138840185
2464,138840201
2465,138840216
2466,138840232
2467,138840248
2468,138840266
2469,138840298
2470,138840319
2471,138840340
2472,138840357
2473,138840387
2474,138840407
2475,138840418
2476,138840433
2477,138840449
2478,138840466
2479,138840485
2480,138840509
2481,138840519
2482,138840534
2483,138840549
2484,138840566
2485,138840583
2486,138840599
2487,138840615
2488,138840633
2489,138840649
2490,138840667
2491,138840683
2492,138840700
2493,138840720
2494,138840759
2495,138840768
2496,138840773
2497,138840804
2498,138840812
2499,138840844
2500,138840855
2501,138840868
2502,138840890
2503,138840915
2504,138840926
2505,138840952
2506,138840977
2507,138840987
2508,138841007
2509,138841017
2510,138841036
2511,138841050
2512,138841068
2513,138841084
2514,138841100
2515,138841117
2516,138841134
2517,138841152
2518,138841167
2519,138841184
2520,138841203
2521,138841220
2522,138841236
2523,138841256
2524,138841269
2525,138841292
2526,138841303
2527,138841329
2528,138841338
2529,138841355
2530,138841369
2531,138841393
2532,138841415
2533,138841432
2534,138841456
2535,138841470
2536,138841489
2537,138841503
2538,138841518
2539,138841535
2540,138841552
2541,138841569
2542,138841585
2543,138841602
2544,138841619
2545,138841637
2546,138841652
2547,138841670
2548,138841687
2549,138841703
2550,138841720
2551,138841742
2552,138841753
2553,138841770
2554,138841799
2555,138841818
2556,138841842
2557,138841857
2558,138841874
2559,138841910
2560,138841929
2561,138841956
2562,138841977
2563,138841999
2564,138842008
2565,138842020
2566,138842040
2567,138842053
2568,138842071
2569,138842087
2570,138842105
2571,138842121
2572,138842137
2573,138842156
2574,138842171
2575,138842188
2576,138842204
2577,138842221
2578,138842237
2579,138842255
2580,138842270
2581,138842288
2582,138842320
2583,138842356
2584,138842368
2585,138842390
2586,138842417
2587,138842427
2588,138842438
2589,138842459
2590,138842473
2591,138842490
2592,138842505
2593,138842525
2594,138842539
2595,138842556
2596,138842572
2597,138842589
2598,138842604
2599,138842622
2600,138842639
2601,138842654
2602,138842670
2603,138842689
2604,138842707
2605,138842723
2606,138842741
2607,138842759
2608,138842773
2609,138842793
2610,138842806
2611,138842843
2612,138842855
2613,138842875
2614,138842891
2615,138842916
2616,138842930
2617,138842947
2618,138842961
2619,138842974
2620,138842995
2621,138843007
2622,138843023
2623,138843041
2624,138843057
2625,138843073
2626,138843090
2627,138843107
2628,138843124
2629,138843141
2630,138843157
2631,138843176
2632,138843189
2633,138843206
2634,138843228
2635,138843240
2636,138843257
2637,138843273
2638,138843298
2639,138843320
2640,138843342
2641,138843366
2642,138843394
2643,138843416
2644,138843432
2645,138843451
2646,138843467
2647,138843476
2648,138843497
2649,138843509
2650,138843526
2651,138843542
2652,138843559
2653,138843582
2654,138843592
2655,138843609
2656,138843626
2657,138843644
2658,138843660
2659,138843675
2660,138843692
2661,138843708
2662,138843726
2663,138843743
2664,138843762
2665,138843786
2666,138843804
2667,138843834
2668,138843849
2669,138843861
2670,138843913
2671,138843920
2672,138843931
2673,138843939
2674,138843960
2675,138843991
2676,138844005
2677,138844014
2678,138844030
2679,138844043
2680,138844059
2681,138844075
2682,138844092
2683,138844109
2684,138844127
2685,138844143
2686,138844159
2687,138844177
2688,138844193
2689,138844211
2690,138844228
2691,138844247
2692,138844261
2693,138844277
2694,138844295
2695,138844313
2696,138844327
2697,138844344
2698,138844361
2699,138844383
2700,138844395
2701,138844416
2702,138844439
2703,138844457
2704,138844482
2705,138844514
2706,138844531
2707,138844549
2708,138844565
2709,138844583
2710,138844602
2711,138844615
2712,138844633
2713,138844651
2714,138844669
2715,138844688
2716,138844705
2717,138844723
2718,138844742
2719,138844757
2720,138844791
2721,138844837
2722,138844862
2723,138844900
2724,138844931
2725,138844956
2726,138844974
2727,138844984
2728,138845003
2729,138845018
2730,138845036
2731,138845049
2732,138845066
2733,138845084
2734,138845102
2735,138845117
2736,138845135
2737,138845151
2738,138845167
2739,138845185
2740,138845204
2741,138845220
2742,138845238
2743,138845256
2744,138845271
2745,138845287
2746,138845311
2747,138845324
2748,138845340
2749,138845358
2750,138845374
2751,138845412
2752,138845431
2753,138845466
2754,138845490
2755,138845513
2756,138845541
2757,138845555
2758,138845570
2759,138845586
2760,138845604
2761,138845619
2762,138845637
2763,138845656
2764,138845671
2765,138845688
2766,138845705
2767,138845722
2768,138845740
2769,138845757
2770,138845774
2771,138845801
2772,138845806
2773,138845832
2774,138845842
2775,138845864
2776,138845883
2777,138845897
2778,138845912
2779,138845926
2780,138845939
2781,138845956
2782,138845975
2783,138845991
2784,138846006
2785,138846024
2786,138846040
2787,138846056
2788,138846072
2789,138846087
2790,138846104
2791,138846127
2792,138846168
2793,138846194
2794,138846204
2795,138846223
2796,138846235
2797,138846253
2798,138846272
2799,138846288
2800,138846307
2801,138846324
2802,138846350
2803,138846369
2804,138846379
2805,138846392
2806,138846413
2807,138846428
2808,138846444
2809,138846467
2810,138846494
2811,138846515
2812,138846527
2813,138846543
2814,138846559
2815,138846576
2816,138846591
2817,138846608
2818,138846624
2819,138846641
2820,138846656
2821,138846676
2822,138846690
2823,138846706
2824,138846722
2825,138846739
2826,138846759
2827,138846771
2828,138846788
2829,138846807
2830,138846825
2831,138846867
2832,138846886
2833,138846952
2834,138846973
2835,138846986
2836,138847011
2837,138847019
2838,138847027
2839,138847044
2840,138847061
2841,138847079
2842,138847098
2843,138847111
2844,138847129
2845,138847147
2846,138847164
2847,138847183
2848,138847199
2849,138847218
2850,138847237
2851,138847253
2852,138847274
2853,138847301
2854,138847321
2855,138847355
2856,138847372
2857,138847413
2858,138847423
2859,138847442
2860,138847453
2861,138847471
2862,138847485
2863,138847502
2864,138847519
2865,138847533
2866,138847549
2867,138847565
2868,138847582
2869,138847598
2870,138847614
2871,138847631
2872,138847648
2873,138847665
2874,138847681
2875,138847699
2876,138847716
2877,138847736
2878,138847753
2879,138847769
2880,138847786
2881,138847803
2882,138847821
2883,138847845
2884,138847881
2885,138847904
2886,138847964
2887,138847974
2888,138848008
2889,138848025
2890,138848038
2891,138848052
2892,138848068
2893,138848086
2894,138848101
2895,138848117
2896,138848134
2897,138848150
2898,138848169
2899,138848185
2900,138848201
2901,138848219
2902,138848237
2903,138848254
2904,138848270
2905,138848293
2906,138848322
2907,138848346
2908,138848356
2909,138848389
2910,138848412
2911,138848438
2912,138848450
2913,138848474
2914,138848492
2915,138848504
2916,138848521
2917,138848537
2918,138848552
2919,138848570
2920,138848586
2921,138848605
2922,138848621
2923,138848637
2924,138848654
2925,138848671
2926,138848687
2927,138848704
2928,138848721
2929,138848738
2930,138848751
2931,138848772
2932,138848782
2933,138848800
2934,138848823
2935,138848846
2936,138848855
2937,138848866
2938,138848885
2939,138848911
2940,138848942
2941,138848960
2942,138848976
2943,138848991
2944,138849012
2945,138849027
2946,138849044
2947,138849062
2948,138849080
2949,138849097
2950,138849115
2951,138849132
2952,138849149
2953,138849167
2954,138849185
2955,138849203
2956,138849219
2957,138849236
2958,138849257
2959,138849273
2960,138849285
2961,138849307
2962,138849322
2963,138849347
2964,138849371
2965,138849402
2966,138849412
2967,138849423
2968,138849453
2969,138849471
2970,138849481
2971,138849493
2972,138849508
2973,138849525
2974,138849541
2975,138849557
2976,138849573
2977,138849588
2978,138849604
2979,138849619
2980,138849635
2981,138849652
2982,138849669
2983,138849686
2984,138849704
2985,138849722
2986,138849736
2987,138849753
2988,138849768
2989,138849788
2990,138849805
2991,138849820
2992,138849848
2993,138849870
2994,138849898
2995,138849926
2996,138849945
2997,138849961
2998,138849973
2999,138849990
3000,138850011
3001,138850029
3002,138850041
3003,138850055
3004,138850072
3005,138850087
3006,138850103
3007,138850120
3008,138850136
3009,138850153
3010,138850169
3011,138850187
3012,138850203
3013,138850218
3014,138850236
3015,138850254
3016,138850279
3017,138850292
3018,138850306
3019,138850341
3020,138850356
3021,138850385
3022,138850414
3023,138850441
3024,138850453
3025,138850474
3026,138850486
3027,138850503
3028,138850519
3029,138850537
3030,138850553
3031,138850570
3032,138850587
3033,138850604
3034,138850620
3035,138850637
3036,138850654
3037,138850671
3038,138850688
3039,138850704
3040,138850721
3041,138850738
3042,138850757
3043,138850774
3044,138850787
3045,138850815
3046,138850822
3047,138850835
3048,138850855
3049,138850886
3050,138850900
3051,138850928
3052,138850944
3053,138850953
3054,138850969
3055,138850989
3056,138851006
3057,138851024
3058,138851037
3059,138851054
3060,138851072
3061,138851088
3062,138851105
3063,138851123
3064,138851139
3065,138851155
3066,138851172
3067,138851189
3068,138851206
3069,138851222
3070,138851249
3071,138851255
3072,138851271
3073,138851288
3074,138851317
3075,138851338
3076,138851359
3077,138851387
3078,138851423
3079,138851436
3080,138851461
3081,138851495
3082,138851505
3083,138851538
3084,138851551
3085,138851567
3086,138851585
3087,138851600
3088,138851616
3089,138851632
3090,138851652
3091,138851666
3092,138851679
3093,138851702
3094,138851713
3095,138851731
3096,138851744
3097,138851761
3098,138851776
3099,138851794
3100,138851821
3101,138851839
3102,138851861
3103,138851885
3104,138851907
3105,138851937
3106,138851951
3107,138851973
3108,138851983
3109,138851999
3110,138852019
3111,138852036
3112,138852055
3113,138852067
3114,138852086
3115,138852100
3116,138852117
3117,138852134
3118,138852151
3119,138852167
3120,138852183
3121,138852199
3122,138852214
3123,138852232
3124,138852245
3125,138852270
3126,138852277
3127,138852292
3128,138852313
3129,138852327
3130,138852347
3131,138852361
3132,138852375
3133,138852403
3134,138852418
3135,138852438
3136,138852473
3137,138852486
3138,138852502
3139,138852515
3140,138852541
3141,138852551
3142,138852567
3143,138852585
3144,138852602
3145,138852620
3146,138852637
3147,138852653
3148,138852675
3149,138852689
3150,138852701
3151,138852719
3152,138852734
3153,138852750
3154,138852766
3155,138852781
3156,138852797
3157,138852814
3158,138852833
3159,138852876
3160,138852918
3161,138852955
3162,138852976
3163,138852993
3164,138853016
3165,138853035
3166,138853049
3167,138853071
3168,138853084
3169,138853100
3170,138853117
3171,138853135
3172,138853152
3173,138853170
3174,138853185
3175,138853201
3176,138853223
3177,138853236
3178,138853252
3179,138853271
3180,138853293
3181,138853300
3182,138853317
3183,138853341
3184,138853372
3185,138853395
3186,138853419
3187,138853429
3188,138853439
3189,138853463
3190,138853492
3191,138853504
3192,138853518
3193,138853536
3194,138853551
3195,138853568
3196,138853584
3197,138853600
3198,138853617
3199,138853634
3200,138853653
3201,138853668
3202,138853686
3203,138853703
3204,138853720
3205,138853736
3206,138853755
3207,138853773
3208,138853784
3209,138853809
3210,138853849
3211,138853858
3212,138853885
3213,138853911
3214,138853927
3215,138853957
3216,138853976
3217,138854005
3218,138854021
3219,138854036
3220,138854053
3221,138854070
3222,138854086
3223,138854103
3224,138854119
3225,138854138
3226,138854152
3227,138854169
3228,138854185
3229,138854203
3230,138854219
3231,138854236
3232,138854280
3233,138854293
3234,138854302
3235,138854328
3236,138854357
3237,138854373
3238,138854406
3239,138854431
3240,138854441
3241,138854453
3242,138854471
3243,138854490
3244,138854504
3245,138854521
3246,138854538
3247,138854554
3248,138854571
3249,138854587
3250,138854604
3251,138854621
3252,138854637
3253,138854653
3254,138854670
3255,138854686
3256,138854703
3257,138854721
3258,138854740
3259,138854757
3260,138855039
3261,138855042
3262,138855050
3263,138855062
3264,138855091
3265,138855114
3266,138855124
3267,138855140
3268,138855161
3269,138855175
3270,138855189
3271,138855206
3272,138855222
3273,138855241
3274,138855264
3275,138855274
3276,138855297
3277,138855317
3278,138855337
3279,138855356
3280,138855371
3281,138855391
3282,138855412
3283,138855432
3284,138855447
3285,138855473
3286,138855488
3287,138855507
3288,138855523
3289,138855540
3290,138855557
3291,138855574
3292,138855593
3293,138855607
3294,138855624
3295,138855641
3296,138855657
3297,138855673
3298,138855689
3299,138855706
3300,138855724
3301,138855740
3302,138855760
3303,138855781
3304,138855799
3305,138855807
3306,138855823
3307,138855848
3308,138855861
3309,138855878
3310,138855892
3311,138855909
3312,138855937
3313,138855961
3314,138855978
3315,138855992
3316,138856010
3317,138856027
3318,138856041
3319,138856061
3320,138856075
3321,138856091
3322,138856108
3323,138856125
3324,138856142
3325,138856164
3326,138856177
3327,138856192
3328,138856212
3329,138856226
3330,138856242
3331,138856262
3332,138856276
3333,138856291
3334,138856314
3335,138856325
3336,138856342
3337,138856360
3338,138856377
3339,138856392
3340,138856413
3341,138856434
3342,138856459
3343,138856484
3344,138856492
3345,138856512
3346,138856530
3347,138856541
3348,138856558
3349,138856577
3350,138856593
3351,138856607
3352,138856624
3353,138856641
3354,138856660
3355,138856675
3356,138856693
3357,138856712
3358,138856729
3359,138856748
3360,138856762
3361,138856787
3362,138856797
3363,138856810
3364,138856827
3365,138856845
3366,138856863
3367,138856877
3368,138856896
3369,138856916
3370,138856931
3371,138856947
3372,138856968
3373,138856978
3374,138857012
3375,138857017
3376,138857028
3377,138857045
3378,138857062
3379,138857077
3380,138857094
3381,138857111
3382,138857125
3383,138857142
3384,138857159
3385,138857175
3386,138857192
3387,138857211
3388,138857226
3389,138857243
3390,138857260
3391,138857279
3392,138857294
3393,138857309
3394,138857328
3395,138857343
3396,138857363
3397,138857377
3398,138857395
3399,138857428
3400,138857439
3401,138857447
3402,138857466
3403,138857480
3404,138857499
3405,138857515
3406,138857530
3407,138857549
3408,138857562
3409,138857578
3410,138857595
3411,138857612
3412,138857629
3413,138857645
3414,138857663
3415,138857678
3416,138857695
3417,138857711
3418,138857729
3419,138857744
3420,138857761
3421,138857779
3422,138857808
3423,138857818
3424,138857829
3425,138857855
3426,138857868
3427,138857878
3428,138857893
3429,138857913
3430,138857930
3431,138857947
3432,138857966
3433,138857995
3434,138858007
3435,138858018
3436,138858034
3437,138858047
3438,138858063
3439,138858080
3440,138858097
3441,138858114
3442,138858131
3443,138858148
3444,138858164
3445,138858180
3446,138858197
3447,138858214
3448,138858230
3449,138858248
3450,138858264
3451,138858285
3452,138858306
3453,138858314
3454,138858331
3455,138858344
3456,138858368
3457,138858380
3458,138858396
3459,138858418
3460,138858431
3461,138858449
3462,138858466
3463,138858482
3464,138858500
3465,138858519
3466,138858532
3467,138858549
3468,138858566
3469,138858584
3470,138858599
3471,138858615
3472,138858632
3473,138858648
3474,138858666
3475,138858682
3476,138858700
3477,138858715
3478,138858730
3479,138858748
3480,138858765
3481,138858782
3482,138858807
3483,138858823
3484,138858837
3485,138858867
3486,138858894
3487,138858924
3488,138858934
3489,138858958
3490,138858980
3491,138859004
3492,138859014
3493,138859032
3494,138859048
3495,138859067
3496,138859082
3497,138859098
3498,138859115
3499,138859131
3500,138859148
3501,138859166
3502,138859182
3503,138859199
3504,138859217
3505,138859233
3506,138859249
3507,138859266
3508,138859288
3509,138859301
3510,138859317
3511,138859338
3512,138859352
3513,138859370
3514,138859401
3515,138859428
3516,138859448
3517,138859455
3518,138859472
3519,138859487
3520,138859504
3521,138859523
3522,138859533
3523,138859550
3524,138859567
3525,138859585
3526,138859600
3527,138859616
3528,138859633
3529,138859649
3530,138859667
3531,138859683
3532,138859701
3533,138859716
3534,138859733
3535,138859754
3536,138859768
3537,138859785
3538,138859803
3539,138859817
3540,138859836
3541,138859856
3542,138859867
3543,138859887
3544,138859903
3545,138859917
3546,138859939
3547,138859962
3548,138859986
3549,138860002
3550,138860020
3551,138860035
3552,138860052
3553,138860069
3554,138860085
3555,138860105
3556,138860118
3557,138860139
3558,138860152
3559,138860168
3560,138860184
3561,138860201
3562,138860218
3563,138860235
3564,138860255
3565,138860273
3566,138860285
3567,138860303
3568,138860323
3569,138860337
3570,138860359
3571,138860389
3572,138860423
3573,138860460
3574,138860473
3575,138860487
3576,138860511
3577,138860520
3578,138860537
3579,138860552
3580,138860570
3581,138860586
3582,138860603
3583,138860620
3584,138860636
3585,138860652
3586,138860669
3587,138860686
3588,138860702
3589,138860720
3590,138860736
3591,138860754
3592,138860769
3593,138860793
3594,138860805
3595,138860819
3596,138860843
3597,138860856
3598,138860874
3599,138860891
3600,138860904
3601,138860923
3602,138860940
3603,138860957
3604,138860971
3605,138860999
3606,138861013
3607,138861038
3608,138861057
3609,138861071
3610,138861088
3611,138861105
3612,138861123
3613,138861139
3614,138861154
3615,138861170
3616,138861189
3617,138861203
3618,138861220
3619,138861236
3620,138861255
3621,138861270
3622,138861302
3623,138861310
3624,138861323
3625,138861339
3626,138861359
3627,138861388
3628,138861414
3629,138861452
3630,138861478
3631,138861505
3632,138861526
3633,138861541
3634,138861571
3635,138861592
3636,138861605
3637,138861622
3638,138861644
3639,138861656
3640,138861673
3641,138861690
3642,138861707
3643,138861724
3644,138861739
3645,138861756
3646,138861772
3647,138861789
3648,138861808
3649,138861824
3650,138861851
3651,138861869
3652,138861897
3653,138861924
3654,138861954
3655,138861976
3656,138862002
3657,138862017
3658,138862042
3659,138862060
3660,138862074
3661,138862090
3662,138862106
3663,138862123
3664,138862139
3665,138862158
3666,138862173
3667,138862190
3668,138862207
3669,138862223
3670,138862243
3671,138862258
3672,138862277
3673,138862292
3674,138862307
3675,138862324
3676,138862349
3677,138862364
3678,138862409
3679,138862437
3680,138862464
3681,138862479
3682,138862496
3683,138862512
3684,138862526
3685,138862542
3686,138862559
3687,138862575
3688,138862592
3689,138862608
3690,138862625
3691,138862641
3692,138862658
3693,138862675
3694,138862691
3695,138862707
3696,138862725
3697,138862741
3698,138862758
3699,138862774
3700,138862791
3701,138862808
3702,138862829
3703,138862843
3704,138862858
3705,138862881
3706,138862899
3707,138862910
3708,138862932
3709,138862950
3710,138862960
3711,138862976
3712,138862993
3713,138863014
3714,138863028
3715,138863043
3716,138863061
3717,138863077
3718,138863094
3719,138863111
3720,138863125
3721,138863143
3722,138863159
3723,138863176
3724,138863193
3725,138863208
3726,138863229
3727,138863242
3728,138863260
3729,138863278
3730,138863295
3731,138863314
3732,138863327
3733,138863344
3734,138863360
3735,138863389
3736,138863415
3737,138863431
3738,138863446
3739,138863462
3740,138863481
3741,138863500
3742,138863527
3743,138863547
3744,138863571
3745,138863578
3746,138863594
3747,138863611
3748,138863627
3749,138863643
3750,138863661
3751,138863677
3752,138863692
3753,138863710
3754,138863726
3755,138863745
3756,138863760
3757,138863778
3758,138863795
3759,138863815
3760,138864085
3761,138864089
3762,138864099
3763,138864108
3764,138864116
3765,138864130
3766,138864147
3767,138864164
3768,138864181
3769,138864197
3770,138864214
3771,138864230
3772,138864248
3773,138864262
3774,138864279
3775,138864296
3776,138864313
3777,138864330
3778,138864347
3779,138864367
3780,138864385
3781,138864412
3782,138864454
3783,138864467
3784,138864479
3785,138864504
3786,138864530
3787,138864536
3788,138864548
3789,138864572
3790,138864584
3791,138864598
3792,138864615
3793,138864630
3794,138864646
3795,138864662
3796,138864678
3797,138864696
3798,138864711
3799,138864729
3800,138864746
3801,138864764
3802,138864778
3803,138864794
3804,138864816
3805,138864835
3806,138864864
3807,138864882
3808,138864906
3809,138864924
3810,138864958
3811,138864972
3812,138864988
3813,138864999
3814,138865015
3815,138865033
3816,138865049
3817,138865067
3818,138865082
3819,138865098
3820,138865114
3821,138865133
3822,138865147
3823,138865163
3824,138865180
3825,138865196
3826,138865213
3827,138865229
3828,138865248
3829,138865263
3830,138865283
3831,138865301
3832,138865315
3833,138865330
3834,138865351
3835,138865372
3836,138865385
3837,138865410
3838,138865453
3839,138865467
3840,138865499
3841,138865514
3842,138865537
3843,138865553
3844,138865570
3845,138865583
3846,138865600
3847,138865619
3848,138865633
3849,138865649
3850,138865666
3851,138865683
3852,138865699
3853,138865717
3854,138865734
3855,138865750
3856,138865766
3857,138865786
3858,138865800
3859,138865824
3860,138865833
3861,138865873
3862,138865909
3863,138865916
3864,138865940
3865,138865958
3866,138865968
3867,138865983
3868,138866001
3869,138866018
3870,138866035
3871,138866050
3872,138866072
3873,138866089
3874,138866100
3875,138866126
3876,138866135
3877,138866163
3878,138866181
3879,138866194
3880,138866209
3881,138866228
3882,138866240
3883,138866259
3884,138866272
3885,138866287
3886,138866306
3887,138866321
3888,138866338
3889,138866376
3890,138866408
3891,138866429
3892,138866442
3893,138866467
3894,138866477
3895,138866496
3896,138866513
3897,138866533
3898,138866542
3899,138866551
3900,138866568
3901,138866582
3902,138866598
3903,138866614
3904,138866630
3905,138866647
3906,138866663
3907,138866679
3908,138866695
3909,138866711
3910,138866727
3911,138866743
3912,138866758
3913,138866775
3914,138866790
3915,138866810
3916,138866823
3917,138866848
3918,138866861
3919,138866882
3920,138866913
3921,138866930
3922,138866940
3923,138866990
3924,138866999
3925,138867022
3926,138867036
3927,138867051
3928,138867062
3929,138867071
3930,138867088
3931,138867104
3932,138867123
3933,138867137
3934,138867151
3935,138867169
3936,138867182
3937,138867198
3938,138867213
3939,138867227
3940,138867245
3941,138867259
3942,138867276
3943,138867292
3944,138867310
3945,138867326
3946,138867358
3947,138867366
3948,138867376
3949,138867394
3950,138867414
3951,138867427
3952,138867444
3953,138867480
3954,138867503
3955,138867507
3956,138867521
3957,138867540
3958,138867559
3959,138867573
3960,138867587
3961,138867600
3962,138867619
3963,138867629
3964,138867642
3965,138867660
3966,138867674
3967,138867690
3968,138867707
3969,138867724
3970,138867740
3971,138867757
3972,138867775
3973,138867792
3974,138867811
3975,138867829
3976,138867851
3977,138867885
3978,138867898
3979,138867915
3980,138867920
3981,138867940
3982,138867964
3983,138867991
3984,138868015
3985,138868038
3986,138868045
3987,138868069
3988,138868102
3989,138868119
3990,138868134
3991,138868151
3992,138868165
3993,138868180
3994,138868196
3995,138868212
3996,138868229
3997,138868245
3998,138868267
3999,138868279
4000,138868298
4001,138868311
4002,138868332
4003,138868352
4004,138868372
4005,138868380
4006,138868407
4007,138868434
4008,138868437
4009,138868462
4010,138868475
4011,138868494
4012,138868519
4013,138868527
4014,138868538
4015,138868553
4016,138868570
4017,138868586
4018,138868606
4019,138868619
4020,138868636
4021,138868652
4022,138868668
4023,138868685
4024,138868700
4025,138868716
4026,138868732
4027,138868749
4028,138868765
4029,138868781
4030,138868796
4031,138868811
4032,138868827
4033,138868852
4034,138868861
4035,138868881
4036,138868909
4037,138868918
4038,138868949
4039,138868985
4040,138869004
4041,138869014
4042,138869030
4043,138869054
4044,138869063
4045,138869079
4046,138869089
4047,138869106
4048,138869125
4049,138869142
4050,138869157
4051,138869172
4052,138869190
4053,138869203
4054,138869219
4055,138869228
4056,138869244
4057,138869262
4058,138869278
4059,138869295
4060,138869304
4061,138869321
4062,138869344
4063,138869354
4064,138869378
4065,138869416
4066,138869439
4067,138869474
4068,138869521
4069,138869553
4070,138869574
4071,138869596
4072,138869610
4073,138869629
4074,138869644
4075,138869661
4076,138869676
4077,138869694
4078,138869708
4079,138869722
4080,138869737
4081,138869752
4082,138869761
4083,138869782
4084,138869804
4085,138869828
4086,138869855
4087,138869865
4088,138869894
4089,138869911
4090,138869934
4091,138869969
4092,138869991
4093,138870013
4094,138870019
4095,138870028
4096,138870046
4097,138870059
4098,138870074
4099,138870091
4100,138870107
4101,138870122
4102,138870137
4103,138870153
4104,138870170
4105,138870186
4106,138870203
4107,138870213
4108,138870229
4109,138870248
4110,138870257
4111,138870274
4112,138870293
4113,138870312
4114,138870328
4115,138870351
4116,138870364
4117,138870392
4118,138870418
4119,138870437
4120,138870477
4121,138870496
4122,138870525
4123,138870544
4124,138870571
4125,138870579
4126,138870595
4127,138870612
4128,138870629
4129,138870644
4130,138870657
4131,138870673
4132,138870689
4133,138870706
4134,138870722
4135,138870740
4136,138870756
4137,138870775
4138,138870793
4139,138870812
4140,138870829
4141,138870848
4142,138870866
4143,138870899
4144,138870914
4145,138870938
4146,138870956
4147,138870972
4148,138870982
4149,138871012
4150,138871018
4151,138871035
4152,138871052
4153,138871066
4154,138871081
4155,138871097
4156,138871113
4157,138871130
4158,138871145
4159,138871162
4160,138871176
4161,138871194
4162,138871209
4163,138871225
4164,138871242
4165,138871259
4166,138871276
4167,138871292
4168,138871312
4169,138871338
4170,138871364
4171,138871393
4172,138871422
4173,138871444
4174,138871457
4175,138871474
4176,138871488
4177,138871500
4178,138871518
4179,138871536
4180,138871549
4181,138871566
4182,138871583
4183,138871599
4184,138871616
4185,138871632
4186,138871649
4187,138871664
4188,138871683
4189,138871696
4190,138871713
4191,138871728
4192,138871745
4193,138871762
4194,138871778
4195,138871794
4196,138871810
4197,138871827
4198,138871847
4199,138871866
4200,138871881
4201,138871900
4202,138871917
4203,138871938
4204,138871952
4205,138871966
4206,138871986
4207,138872000
4208,138872022
4209,138872037
4210,138872049
4211,138872067
4212,138872086
4213,138872101
4214,138872117
4215,138872132
4216,138872149
4217,138872166
4218,138872182
4219,138872197
4220,138872219
4221,138872232
4222,138872248
4223,138872264
4224,138872282
4225,138872299
4226,138872316
4227,138872331
4228,138872351
4229,138872368
4230,138872393
4231,138872405
4232,138872422
4233,138872435
4234,138872477
4235,138872513
4236,138872522
4237,138872549
4238,138872560
4239,138872585
4240,138872608
4241,138872618
4242,138872634
4243,138872653
4244,138872668
4245,138872685
4246,138872700
4247,138872717
4248,138872734
4249,138872750
4250,138872767
4251,138872787
4252,138872799
4253,138872816
4254,138872842
4255,138872854
4256,138872864
4257,138872891
4258,138872898
4259,138872921
4260,138873275
4261,138873277
4262,138873286
4263,138873307
4264,138873320
4265,138873344
4266,138873371
4267,138873411
4268,138873434
4269,138873457
4270,138873481
4271,138873498
4272,138873509
4273,138873523
4274,138873538
4275,138873551
4276,138873566
4277,138873586
4278,138873607
4279,138873619
4280,138873635
4281,138873653
4282,138873669
4283,138873685
4284,138873703
4285,138873719
4286,138873737
4287,138873755
4288,138873770
4289,138873788
4290,138873806
4291,138873822
4292,138873839
4293,138873859
4294,138873901
4295,138873924
4296,138873948
4297,138873977
4298,138873997
4299,138874020
4300,138874036
4301,138874054
4302,138874078
4303,138874087
4304,138874106
4305,138874124
4306,138874140
4307,138874155
4308,138874171
4309,138874187
4310,138874207
4311,138874222
4312,138874239
4313,138874254
4314,138874273
4315,138874292
4316,138874318
4317,138874346
4318,138874349
4319,138874373
4320,138874391
4321,138874432
4322,138874470
4323,138874490
4324,138874508
4325,138874539
4326,138874576
4327,138874591
4328,138874622
4329,138874643
4330,138874656
4331,138874673
4332,138874690
4333,138874707
4334,138874724
4335,138874739
4336,138874756
4337,138874774
4338,138874789
4339,138874806
4340,138874824
4341,138874854
4342,138874872
4343,138874894
4344,138874931
4345,138874966
4346,138874996
4347,138875025
4348,138875045
4349,138875058
4350,138875081
4351,138875091
4352,138875107
4353,138875124
4354,138875140
4355,138875158
4356,138875173
4357,138875190
4358,138875208
4359,138875224
4360,138875240
4361,138875258
4362,138875276
4363,138875291
4364,138875311
4365,138875324
4366,138875340
4367,138875359
4368,138875375
4369,138875407
4370,138875445
4371,138875469
4372,138875491
4373,138875507
4374,138875534
4375,138875547
4376,138875573
4377,138875585
4378,138875599
4379,138875612
4380,138875626
4381,138875641
4382,138875658
4383,138875675
4384,138875694
4385,138875710
4386,138875726
4387,138875743
4388,138875758
4389,138875775
4390,138875792
4391,138875808
4392,138875838
4393,138875862
4394,138875877
4395,138875896
4396,138875912
4397,138875921
4398,138875941
4399,138875954
4400,138875981
4401,138875993
4402,138876018
4403,138876026
4404,138876044
4405,138876072
4406,138876076
4407,138876093
4408,138876112
4409,138876127
4410,138876143
4411,138876159
4412,138876177
4413,138876193
4414,138876209
4415,138876227
4416,138876243
4417,138876261
4418,138876276
4419,138876295
4420,138876310
4421,138876326
4422,138876343
4423,138876362
4424,138876376
4425,138876408
4426,138876418
4427,138876447
4428,138876463
4429,138876487
4430,138876502
4431,138876511
4432,138876530
4433,138876545
4434,138876562
4435,138876579
4436,138876595
4437,138876614
4438,138876630
4439,138876646
4440,138876664
4441,138876677
4442,138876694
4443,138876711
4444,138876727
4445,138876744
4446,138876761
4447,138876778
4448,138876796
4449,138876813
4450,138876836
4451,138876849
4452,138876869
4453,138876905
4454,138876938
4455,138876964
4456,138876985
4457,138876995
4458,138877013
4459,138877031
4460,138877062
4461,138877087
4462,138877105
4463,138877129
4464,138877150
4465,138877163
4466,138877180
4467,138877197
4468,138877216
4469,138877230
4470,138877245
4471,138877267
4472,138877282
4473,138877295
4474,138877313
4475,138877332
4476,138877343
4477,138877366
4478,138877380
4479,138877397
4480,138877413
4481,138877435
4482,138877448
4483,138877469
4484,138877484
4485,138877497
4486,138877522
4487,138877535
4488,138877548
4489,138877571
4490,138877583
4491,138877600
4492,138877620
4493,138877634
4494,138877649
4495,138877666
4496,138877682
4497,138877698
4498,138877714
4499,138877730
4500,138877747
4501,138877764
4502,138877779
4503,138877802
4504,138877815
4505,138877834
4506,138877859
4507,138877883
4508,138877909
4509,138877938
4510,138877958
4511,138877984
4512,138878012
4513,138878022
4514,138878036
4515,138878049
4516,138878067
4517,138878086
4518,138878100
4519,138878121
4520,138878134
4521,138878150
4522,138878166
4523,138878183
4524,138878199
4525,138878215
4526,138878233
4527,138878250
4528,138878264
4529,138878281
4530,138878303
4531,138878318
4532,138878329
4533,138878351
4534,138878362
4535,138878386
4536,138878398
4537,138878415
4538,138878437
4539,138878453
4540,138878466
4541,138878488
4542,138878511
4543,138878544
4544,138878558
4545,138878592
4546,138878601
4547,138878618
4548,138878636
4549,138878652
4550,138878667
4551,138878684
4552,138878700
4553,138878716
4554,138878732
4555,138878750
4556,138878765
4557,138878785
4558,138878798
4559,138878820
4560,138878849
4561,138878866
4562,138878891
4563,138878924
4564,138878943
4565,138878986
4566,138879022
4567,138879030
4568,138879055
4569,138879077
4570,138879087
4571,138879102
4572,138879118
4573,138879135
4574,138879152
4575,138879169
4576,138879186
4577,138879207
4578,138879218
4579,138879236
4580,138879256
4581,138879268
4582,138879286
4583,138879304
4584,138879315
4585,138879340
4586,138879377
4587,138879383
4588,138879399
4589,138879413
4590,138879458
4591,138879514
4592,138879537
4593,138879555
4594,138879590
4595,138879611
4596,138879621
4597,138879636
4598,138879658
4599,138879669
4600,138879687
4601,138879705
4602,138879720
4603,138879736
4604,138879757
4605,138879769
4606,138879785
4607,138879803
4608,138879823
4609,138879839
4610,138879863
4611,138879895
4612,138879924
4613,138879934
4614,138879963
4615,138879992
4616,138880009
4617,138880024
4618,138880040
4619,138880053
4620,138880073
4621,138880091
4622,138880104
4623,138880120
4624,138880137
4625,138880154
4626,138880171
4627,138880187
4628,138880207
4629,138880223
4630,138880237
4631,138880255
4632,138880271
4633,138880288
4634,138880304
4635,138880321
4636,138880341
4637,138880353
4638,138880377
4639,138880391
4640,138880406
4641,138880425
4642,138880442
4643,138880466
4644,138880498
4645,138880507
4646,138880520
4647,138880528
4648,138880542
4649,138880556
4650,138880579
4651,138880597
4652,138880625
4653,138880642
4654,138880656
4655,138880671
4656,138880689
4657,138880705
4658,138880721
4659,138880738
4660,138880754
4661,138880770
4662,138880789
4663,138880805
4664,138880831
4665,138880839
4666,138880858
4667,138880889
4668,138880896
4669,138880937
4670,138880952
4671,138880991
4672,138880999
4673,138881030
4674,138881060
4675,138881073
4676,138881086
4677,138881094
4678,138881106
4679,138881127
4680,138881140
4681,138881156
4682,138881172
4683,138881189
4684,138881206
4685,138881222
4686,138881238
4687,138881257
4688,138881272
4689,138881289
4690,138881307
4691,138881322
4692,138881341
4693,138881360
4694,138881386
4695,138881395
4696,138881409
4697,138881442
4698,138881458
4699,138881476
4700,138881502
4701,138881516
4702,138881541
4703,138881572
4704,138881582
4705,138881595
4706,138881607
4707,138881624
4708,138881644
4709,138881658
4710,138881675
4711,138881690
4712,138881707
4713,138881724
4714,138881740
4715,138881757
4716,138881775
4717,138881792
4718,138881808
4719,138881826
4720,138881841
4721,138881879
4722,138881917
4723,138881954
4724,138881987
4725,138882031
4726,138882050
4727,138882080
4728,138882100
4729,138882120
4730,138882131
4731,138882143
4732,138882160
4733,138882176
4734,138882192
4735,138882209
4736,138882225
4737,138882242
4738,138882259
4739,138882276
4740,138882294
4741,138882309
4742,138882334
4743,138882348
4744,138882362
4745,138882398
4746,138882434
4747,138882440
4748,138882478
4749,138882485
4750,138882511
4751,138882540
4752,138882552
4753,138882562
4754,138882578
4755,138882595
4756,138882612
4757,138882628
4758,138882645
4759,138882660
4760,138882676
4761,138882693
4762,138882711
4763,138882726
4764,138882743
4765,138882758
4766,138882777
4767,138882793
4768,138882809
4769,138882831
4770,138882847
4771,138882860
4772,138882875
4773,138882894
4774,138882911
4775,138882934
4776,138882989
4777,138883016
4778,138883033
4779,138883056
4780,138883079
4781,138883118
4782,138883128
4783,138883145
4784,138883185
4785,138883197
4786,138883213
4787,138883227
4788,138883244
4789,138883260
4790,138883284
4791,138883296
4792,138883313
4793,138883330
4794,138883357
4795,138883387
4796,138883412
4797,138883432
4798,138883445
4799,138883462
4800,138883481
4801,138883497
4802,138883513
4803,138883529
4804,138883546
4805,138883563
4806,138883580
4807,138883599
4808,138883617
4809,138883630
4810,138883646
4811,138883663
4812,138883678
4813,138883694
4814,138883710
4815,138883727
4816,138883745
4817,138883763
4818,138883778
4819,138883799
4820,138883820
4821,138883850
4822,138883874
4823,138883892
4824,138883906
4825,138883917
4826,138883935
4827,138883951
4828,138883981
4829,138884008
4830,138884031
4831,138884051
4832,138884077
4833,138884086
4834,138884099
4835,138884117
4836,138884131
4837,138884149
4838,138884164
4839,138884180
4840,138884196
4841,138884214
4842,138884229
4843,138884248
4844,138884263
4845,138884280
4846,138884294
4847,138884311
4848,138884331
4849,138884358
4850,138884394
4851,138884420
4852,138884447
4853,138884471
4854,138884484
4855,138884500
4856,138884520
4857,138884538
4858,138884549
4859,138884567
4860,138884583
4861,138884600
4862,138884615
4863,138884633
4864,138884649
4865,138884664
4866,138884682
4867,138884696
4868,138884714
4869,138884732
4870,138884747
4871,138884763
4872,138884781
4873,138884798
4874,138884813
4875,138884831
4876,138884852
4877,138884867
4878,138884880
4879,138884899
4880,138884928
4881,138884974
4882,138884994
4883,138885045
4884,138885064
4885,138885082
4886,138885105
4887,138885117
4888,138885133
4889,138885151
4890,138885166
4891,138885182
4892,138885200
4893,138885216
4894,138885233
4895,138885250
4896,138885266
4897,138885282
4898,138885299
4899,138885320
4900,138885332
4901,138885354
4902,138885368
4903,138885383
4904,138885411
4905,138885424
4906,138885440
4907,138885453
4908,138885483
4909,138885517
4910,138885529
4911,138885549
4912,138885580
4913,138885586
4914,138885601
4915,138885620
4916,138885635
4917,138885651
4918,138885667
4919,138885685
4920,138885701
4921,138885718
4922,138885734
4923,138885751
4924,138885767
4925,138885784
4926,138885801
4927,138885824
4928,138885837
4929,138885853
4930,138885866
4931,138885891
4932,138885910
4933,138885917
4934,138885936
4935,138885967
4936,138885979
4937,138885987
4938,138886017
4939,138886025
4940,138886037
4941,138886057
4942,138886071
4943,138886091
4944,138886103
4945,138886121
4946,138886137
4947,138886152
4948,138886169
4949,138886185
4950,138886203
4951,138886218
4952,138886243
4953,138886272
4954,138886305
4955,138886319
4956,138886338
4957,138886361
4958,138886398
4959,138886429
4960,138886471
4961,138886478
4962,138886511
4963,138886542
4964,138886557
4965,138886573
4966,138886588
4967,138886608
4968,138886623
4969,138886644
4970,138886672
4971,138886706
4972,138886713
4973,138886723
4974,138886747
4975,138886758
4976,138886776
4977,138886798
4978,138886814
4979,138886837
4980,138886846
4981,138886865
4982,138886895
4983,138886902
4984,138886915
4985,138886941
4986,138886978
4987,138886999
4988,138887021
4989,138887032
4990,138887058
4991,138887081
4992,138887098
4993,138887117
4994,138887129
4995,138887148
4996,138887161
4997,138887180
4998,138887197
4999,138887209
5000,138887227
5001,138887243
5002,138887262
5003,138887277
5004,138887296
5005,138887312
5006,138887330
5007,138887362
5008,138887380
5009,138887400
5010,138887446
5011,138887463
5012,138887505
5013,138887540
5014,138887564
5015,138887602
5016,138887614
5017,138887631
5018,138887649
5019,138887664
5020,138887679
5021,138887695
5022,138887714
5023,138887730
5024,138887747
5025,138887764
5026,138887782
5027,138887802
5028,138887820
5029,138887831
5030,138887847
5031,138887866
5032,138887885
5033,138887915
5034,138887932
5035,138887952
5036,138887969
5037,138887982
5038,138887999
5039,138888017
5040,138888037
5041,138888063
5042,138888067
5043,138888100
5044,138888124
5045,138888140
5046,138888155
5047,138888170
5048,138888187
5049,138888212
5050,138888229
5051,138888245
5052,138888262
5053,138888278
5054,138888295
5055,138888317
5056,138888328
5057,138888349
5058,138888377
5059,138888403
5060,138888420
5061,138888442
5062,138888470
5063,138888492
5064,138888507
5065,138888528
5066,138888547
5067,138888554
5068,138888571
5069,138888585
5070,138888605
5071,138888618
5072,138888635
5073,138888652
5074,138888667
5075,138888684
5076,138888699
5077,138888715
5078,138888731
5079,138888746
5080,138888764
5081,138888781
5082,138888798
5083,138888814
5084,138888830
5085,138888847
5086,138888864
5087,138888880
5088,138888906
5089,138888931
5090,138888954
5091,138888973
5092,138889036
5093,138889079
5094,138889111
5095,138889134
5096,138889163
5097,138889172
5098,138889187
5099,138889205
5100,138889229
5101,138889239
5102,138889251
5103,138889266
5104,138889283
5105,138889297
5106,138889312
5107,138889328
5108,138889344
5109,138889362
5110,138889378
5111,138889395
5112,138889413
5113,138889445
5114,138889466
5115,138889490
5116,138889500
5117,138889521
5118,138889539
5119,138889572
5120,138889597
5121,138889622
5122,138889642
5123,138889656
5124,138889673
5125,138889690
5126,138889706
5127,138889722
5128,138889738
5129,138889754
5130,138889769
5131,138889785
5132,138889803
5133,138889817
5134,138889858
5135,138889878
5136,138889907
5137,138889933
5138,138889969
5139,138889989
5140,138890034
5141,138890050
5142,138890070
5143,138890099
5144,138890117
5145,138890133
5146,138890159
5147,138890173
5148,138890188
5149,138890205
5150,138890221
5151,138890237
5152,138890254
5153,138890270
5154,138890287
5155,138890302
5156,138890320
5157,138890336
5158,138890366
5159,138890380
5160,138890405
5161,138890411
5162,138890440
5163,138890487
5164,138890503
5165,138890547
5166,138890556
5167,138890586
5168,138890609
5169,138890629
5170,138890642
5171,138890657
5172,138890675
5173,138890691
5174,138890707
5175,138890723
5176,138890739
5177,138890756
5178,138890772
5179,138890789
5180,138890805
5181,138890820
5182,138890839
5183,138890865
5184,138890937
5185,138891012
5186,138891026
5187,138891050
5188,138891064
5189,138891089
5190,138891120
5191,138891147
5192,138891157
5193,138891173
5194,138891190
5195,138891206
5196,138891224
5197,138891242
5198,138891257
5199,138891273
5200,138891294
5201,138891307
5202,138891329
5203,138891340
5204,138891367
5205,138891397
5206,138891416
5207,138891459
5208,138891468
5209,138891493
5210,138891513
5211,138891524
5212,138891542
5213,138891565
5214,138891574
5215,138891599
5216,138891609
5217,138891627
5218,138891644
5219,138891659
5220,138891676
5221,138891693
5222,138891707
5223,138891723
5224,138891739
5225,138891756
5226,138891773
5227,138891790
5228,138891808
5229,138891826
5230,138891847
5231,138891863
5232,138891885
5233,138891913
5234,138891952
5235,138891978
5236,138892005
5237,138892018
5238,138892067
5239,138892095
5240,138892104
5241,138892124
5242,138892147
5243,138892158
5244,138892177
5245,138892192
5246,138892211
5247,138892226
5248,138892243
5249,138892259
5250,138892278
5251,138892299
5252,138892312
5253,138892329
5254,138892343
5255,138892362
5256,138892376
5257,138892392
5258,138892416
5259,138892430
5260,138892447
5261,138892484
5262,138892500
5263,138892530
5264,138892548
5265,138892575
5266,138892588
5267,138892605
5268,138892617
5269,138892636
5270,138892654
5271,138892662
5272,138892679
5273,138892699
5274,138892711
5275,138892727
5276,138892743
5277,138892760
5278,138892777
5279,138892795
5280,138892812
5281,138892828
5282,138892844
5283,138892857
5284,138892875
5285,138892899
5286,138892918
5287,138892933
5288,138892955
5289,138892979
5290,138893003
5291,138893027
5292,138893063
5293,138893080
5294,138893104
5295,138893130
5296,138893155
5297,138893177
5298,138893196
5299,138893216
5300,138893228
5301,138893245
5302,138893265
5303,138893277
5304,138893294
5305,138893311
5306,138893328
5307,138893346
5308,138893359
5309,138893384
5310,138893403
5311,138893414
5312,138893441
5313,138893471
5314,138893492
5315,138893534
5316,138893545
5317,138893553
5318,138893580
5319,138893608
5320,138893631
5321,138893657
5322,138893670
5323,138893698
5324,138893714
5325,138893729
5326,138893746
5327,138893763
5328,138893780
5329,138893795
5330,138893812
5331,138893830
5332,138893847
5333,138893861
5334,138893882
5335,138893900
5336,138893915
5337,138893932
5338,138893963
5339,138893999
5340,138894048
5341,138894065
5342,138894096
5343,138894119
5344,138894152
5345,138894186
5346,138894199
5347,138894215
5348,138894231
5349,138894247
5350,138894262
5351,138894279
5352,138894298
5353,138894312
5354,138894329
5355,138894348
5356,138894381
5357,138894392
5358,138894413
5359,138894437
5360,138894476
5361,138894498
5362,138894560
5363,138894573
5364,138894589
5365,138894623
5366,138894642
5367,138894655
5368,138894669
5369,138894682
5370,138894698
5371,138894714
5372,138894731
5373,138894748
5374,138894767
5375,138894784
5376,138894798
5377,138894816
5378,138894836
5379,138894848
5380,138894890
5381,138894914
5382,138894928
5383,138894940
5384,138894982
5385,138895003
5386,138895036
5387,138895068
5388,138895082
5389,138895105
5390,138895125
5391,138895135
5392,138895152
5393,138895167
5394,138895183
5395,138895199
5396,138895216
5397,138895232
5398,138895249
5399,138895266
5400,138895282
5401,138895299
5402,138895316
5403,138895332
5404,138895348
5405,138895365
5406,138895412
5407,138895436
5408,138895459
5409,138895496
5410,138895522
5411,138895551
5412,138895572
5413,138895590
5414,138895606
5415,138895624
5416,138895635
5417,138895654
5418,138895672
5419,138895686
5420,138895701
5421,138895978
5422,138895995
5423,138896029
5424,138896041
5425,138896063
5426,138896100
5427,138896123
5428,138896145
5429,138896173
5430,138896186
5431,138896204
5432,138896218
5433,138896234
5434,138896252
5435,138896269
5436,138896286
5437,138896303
5438,138896322
5439,138896349
5440,138896361
5441,138896377
5442,138896387
5443,138896404
5444,138896424
5445,138896447
5446,138896458
5447,138896480
5448,138896493
5449,138896529
5450,138896555
5451,138896563
5452,138896577
5453,138896587
5454,138896601
5455,138896619
5456,138896637
5457,138896653
5458,138896669
5459,138896687
5460,138896703
5461,138896721
5462,138896736
5463,138896752
5464,138896767
5465,138896783
5466,138896801
5467,138896822
5468,138896838
5469,138896855
5470,138896869
5471,138896893
5472,138896913
5473,138896926
5474,138896949
5475,138896984
5476,138897029
5477,138897045
5478,138897060
5479,138897076
5480,138897088
5481,138897104
5482,138897121
5483,138897137
5484,138897158
5485,138897172
5486,138897186
5487,138897205
5488,138897220
5489,138897236
5490,138897254
5491,138897272
5492,138897286
5493,138897303
5494,138897319
5495,138897338
5496,138897357
5497,138897371
5498,138897391
5499,138897409
5500,138897440
5501,138897457
5502,138897473
5503,138897489
5504,138897507
5505,138897526
5506,138897542
5507,138897563
5508,138897578
5509,138897602
5510,138897609
5511,138897624
5512,138897641
5513,138897659
5514,138897676
5515,138897689
5516,138897705
5517,138897722
5518,138897738
5519,138897755
5520,138897773
5521,138897790
5522,138897805
5523,138897822
5524,138897839
5525,138897861
5526,138897889
5527,138897906
5528,138897933
5529,138897959
5530,138897988
5531,138898027
5532,138898059
5533,138898075
5534,138898089
5535,138898117
5536,138898125
5537,138898143
5538,138898161
5539,138898181
5540,138898191
5541,138898208
5542,138898227
5543,138898241
5544,138898256
5545,138898272
5546,138898290
5547,138898308
5548,138898323
5549,138898343
5550,138898360
5551,138898374
5552,138898407
5553,138898443
5554,138898448
5555,138898453
5556,138898487
5557,138898515
5558,138898534
5559,138898558
5560,138898580
5561,138898595
5562,138898628
5563,138898643
5564,138898660
5565,138898675
5566,138898692
5567,138898708
5568,138898725
5569,138898741
5570,138898757
5571,138898773
5572,138898790
5573,138898805
5574,138898823
5575,138898839
5576,138898854
5577,138898873
5578,138898899
5579,138898916
5580,138898926
5581,138898947
5582,138898973
5583,138899011
5584,138899034
5585,138899079
5586,138899096
5587,138899114
5588,138899128
5589,138899152
5590,138899167
5591,138899180
5592,138899193
5593,138899210
5594,138899226
5595,138899242
5596,138899259
5597,138899275
5598,138899293
5599,138899308
5600,138899322
5601,138899343
5602,138899360
5603,138899385
5604,138899396
5605,138899420
5606,138899448
5607,138899470
5608,138899497
5609,138899502
5610,138899534
5611,138899567
5612,138899595
5613,138899604
5614,138899623
5615,138899634
5616,138899645
5617,138899661
5618,138899681
5619,138899694
5620,138899711
5621,138899727
5622,138899745
5623,138899761
5624,138899778
5625,138899795
5626,138899810
5627,138899828
5628,138899846
5629,138899858
5630,138899876
5631,138899906
5632,138899917
5633,138899932
5634,138899952
5635,138899989
5636,138899998
5637,138900049
5638,138900068
5639,138900098
5640,138900129
5641,138900146
5642,138900162
5643,138900189
5644,138900199
5645,138900212
5646,138900229
5647,138900246
5648,138900262
5649,138900278
5650,138900295
5651,138900314
5652,138900328
5653,138900342
5654,138900357
5655,138900376
5656,138900405
5657,138900419
5658,138900459
5659,138900495
5660,138900520
5661,138900544
5662,138900585
5663,138900607
5664,138900623
5665,138900648
5666,138900673
5667,138900680
5668,138900697
5669,138900714
5670,138900730
5671,138900748
5672,138900763
5673,138900780
5674,138900795
5675,138900813
5676,138900829
5677,138900847
5678,138900865
5679,138900891
5680,138900912
5681,138900926
5682,138900940
5683,138900954
5684,138900978
5685,138900996
5686,138901032
5687,138901049
5688,138901070
5689,138901096
5690,138901112
5691,138901134
5692,138901152
5693,138901169
5694,138901185
5695,138901200
5696,138901215
5697,138901234
5698,138901249
5699,138901265
5700,138901282
5701,138901298
5702,138901314
5703,138901332
5704,138901347
5705,138901369
5706,138901384
5707,138901421
5708,138901431
5709,138901442
5710,138901467
5711,138901491
5712,138901497
5713,138901516
5714,138901533
5715,138901555
5716,138901575
5717,138901589
5718,138901609
5719,138901615
5720,138901634
5721,138901649
5722,138901668
5723,138901695
5724,138901722
5725,138901735
5726,138901751
5727,138901774
5728,138901785
5729,138901800
5730,138901820
5731,138901841
5732,138901865
5733,138901889
5734,138901907
5735,138901950
5736,138901970
5737,138901986
5738,138902020
5739,138902035
5740,138902048
5741,138902067
5742,138902085
5743,138902107
5744,138902138
5745,138902156
5746,138902168
5747,138902190
5748,138902206
5749,138902216
5750,138902234
5751,138902256
5752,138902267
5753,138902283
5754,138902299
5755,138902317
5756,138902336
5757,138902351
5758,138902384
5759,138902427
5760,138902459
5761,138902489
5762,138902514
5763,138902518
5764,138902557
5765,138902575
5766,138902596
5767,138902602
5768,138902618
5769,138902642
5770,138902656
5771,138902670
5772,138902686
5773,138902703
5774,138902719
5775,138902735
5776,138902752
5777,138902768
5778,138902786
5779,138902803
5780,138902819
5781,138902836
5782,138902859
5783,138902872
5784,138902896
5785,138902920
5786,138902939
5787,138902955
5788,138903006
5789,138903017
5790,138903082
5791,138903109
5792,138903136
5793,138903168
5794,138903186
5795,138903205
5796,138903219
5797,138903236
5798,138903254
5799,138903269
5800,138903286
5801,138903303
5802,138903319
5803,138903338
5804,138903357
5805,138903374
5806,138903411
5807,138903425
5808,138903454
5809,138903489
5810,138903521
5811,138903545
5812,138903585
5813,138903608
5814,138903614
5815,138903626
5816,138903641
5817,138903654
5818,138903671
5819,138903689
5820,138903704
5821,138903723
5822,138903738
5823,138903754
5824,138903770
5825,138903786
5826,138903805
5827,138903821
5828,138903836
5829,138903857
5830,138903869
5831,138903889
5832,138903908
5833,138903938
5834,138903952
5835,138903967
5836,138904006
5837,138904022
5838,138904070
5839,138904099
5840,138904131
5841,138904163
5842,138904192
5843,138904208
5844,138904222
5845,138904237
5846,138904254
5847,138904270
5848,138904287
5849,138904304
5850,138904320
5851,138904339
5852,138904357
5853,138904372
5854,138904389
5855,138904406
5856,138904424
5857,138904455
5858,138904473
5859,138904517
5860,138904534
5861,138904549
5862,138904585
5863,138904607
5864,138904634
5865,138904659
5866,138904678
5867,138904697
5868,138904705
5869,138904722
5870,138904740
5871,138904756
5872,138904774
5873,138904790
5874,138904806
5875,138904824
5876,138904839
5877,138904855
5878,138904882
5879,138904892
5880,138904909
5881,138904924
5882,138904941
5883,138904985
5884,138905004
5885,138905013
5886,138905048
5887,138905060
5888,138905092
5889,138905122
5890,138905143
5891,138905149
5892,138905166
5893,138905176
5894,138905190
5895,138905208
5896,138905225
5897,138905241
5898,138905258
5899,138905274
5900,138905291
5901,138905308
5902,138905325
5903,138905340
5904,138905356
5905,138905374
5906,138905392
5907,138905417
5908,138905460
5909,138905476
5910,138905502
5911,138905513
5912,138905552
5913,138905561
5914,138905594
5915,138905618
5916,138905626
5917,138905642
5918,138905664
5919,138905676
5920,138905692
5921,138905956
5922,138905960
5923,138905981
5924,138906016
5925,138906043
5926,138906085
5927,138906116
5928,138906135
5929,138906162
5930,138906185
5931,138906194
5932,138906210
5933,138906233
5934,138906245
5935,138906262
5936,138906278
5937,138906294
5938,138906311
5939,138906328
5940,138906344
5941,138906360
5942,138906380
5943,138906408
5944,138906439
5945,138906467
5946,138906512
5947,138906534
5948,138906558
5949,138906587
5950,138906602
5951,138906626
5952,138906654
5953,138906666
5954,138906680
5955,138906693
5956,138906711
5957,138906728
5958,138906745
5959,138906761
5960,138906777
5961,138906796
5962,138906810
5963,138906829
5964,138906844
5965,138906864
5966,138906887
5967,138906904
5968,138906917
5969,138906939
5970,138906949
5971,138906965
5972,138907005
5973,138907037
5974,138907066
5975,138907078
5976,138907084
5977,138907106
5978,138907119
5979,138907134
5980,138907147
5981,138907162
5982,138907181
5983,138907198
5984,138907217
5985,138907234
5986,138907247
5987,138907262
5988,138907279
5989,138907298
5990,138907313
5991,138907329
5992,138907345
5993,138907362
5994,138907400
5995,138907427
5996,138907439
5997,138907464
5998,138907490
5999,138907505
6000,138907556
6001,138907601
6002,138907637
6003,138907662
6004,138907682
6005,138907699
6006,138907717
6007,138907733
6008,138907747
6009,138907764
6010,138907779
6011,138907796
6012,138907811
6013,138907831
6014,138907844
6015,138907860
6016,138907877
6017,138907894
6018,138907914
6019,138907929
6020,138907945
6021,138907962
6022,138907982
6023,138907997
6024,138908032
6025,138908074
6026,138908097
6027,138908108
6028,138908137
6029,138908150
6030,138908167
6031,138908185
6032,138908200
6033,138908217
6034,138908234
6035,138908251
6036,138908268
6037,138908283
6038,138908300
6039,138908316
6040,138908332
6041,138908349
6042,138908378
6043,138908403
6044,138908432
6045,138908453
6046,138908484
6047,138908509
6048,138908527
6049,138908570
6050,138908585
6051,138908619
6052,138908652
6053,138908660
6054,138908666
6055,138908685
6056,138908699
6057,138908718
6058,138908736
6059,138908752
6060,138908767
6061,138908783
6062,138908798
6063,138908817
6064,138908834
6065,138908848
6066,138908867
6067,138908881
6068,138908901
6069,138908927
6070,138908936
6071,138908953
6072,138908966
6073,138909002
6074,138909050
6075,138909077
6076,138909110
6077,138909123
6078,138909138
6079,138909153
6080,138909180
6081,138909195
6082,138909220
6083,138909236
6084,138909253
6085,138909270
6086,138909286
6087,138909302
6088,138909318
6089,138909338
6090,138909352
6091,138909377
6092,138909405
6093,138909437
6094,138909471
6095,138909519
6096,138909535
6097,138909566
6098,138909598
6099,138909618
6100,138909655
6101,138909671
6102,138909700
6103,138909720
6104,138909737
6105,138909753
6106,138909770
6107,138909787
6108,138909803
6109,138909820
6110,138909835
6111,138909853
6112,138909871
6113,138909897
6114,138909906
6115,138909929
6116,138909945
6117,138909952
6118,138909975
6119,138909991
6120,138910005
6121,138910022
6122,138910050
6123,138910073
6124,138910101
6125,138910107
6126,138910121
6127,138910148
6128,138910180
6129,138910189
6130,138910206
6131,138910226
6132,138910239
6133,138910256
6134,138910274
6135,138910292
6136,138910306
6137,138910322
6138,138910341
6139,138910369
6140,138910378
6141,138910404
6142,138910426
6143,138910440
6144,138910484
6145,138910497
6146,138910508
6147,138910538
6148,138910602
6149,138910615
6150,138910622
6151,138910639
6152,138910662
6153,138910682
6154,138910705
6155,138910723
6156,138910740
6157,138910766
6158,138910780
6159,138910790
6160,138910805
6161,138910823
6162,138910838
6163,138910856
6164,138910873
6165,138910894
6166,138910922
6167,138910947
6168,138910971
6169,138910990
6170,138911009
6171,138911037
6172,138911078
6173,138911110
6174,138911139
6175,138911170
6176,138911178
6177,138911191
6178,138911209
6179,138911227
6180,138911240
6181,138911256
6182,138911274
6183,138911290
6184,138911306
6185,138911324
6186,138911339
6187,138911355
6188,138911374
6189,138911389
6190,138911405
6191,138911425
6192,138911445
6193,138911472
6194,138911492
6195,138911513
6196,138911526
6197,138911539
6198,138911569
6199,138911629
6200,138911635
6201,138911644
6202,138911664
6203,138911694
6204,138911703
6205,138911713
6206,138911733
6207,138911743
6208,138911758
6209,138911779
6210,138911791
6211,138911807
6212,138911822
6213,138911843
6214,138911857
6215,138911872
6216,138911892
6217,138911904
6218,138911921
6219,138911942
6220,138911963
6221,138911977
6222,138911998
6223,138912029
6224,138912051
6225,138912098
6226,138912130
6227,138912144
6228,138912158
6229,138912178
6230,138912194
6231,138912211
6232,138912233
6233,138912243
6234,138912259
6235,138912275
6236,138912292
6237,138912307
6238,138912324
6239,138912341
6240,138912359
6241,138912376
6242,138912399
6243,138912440
6244,138912465
6245,138912480
6246,138912507
6247,138912518
6248,138912529
6249,138912566
6250,138912586
6251,138912613
6252,138912649
6253,138912679
6254,138912684
6255,138912698
6256,138912733
6257,138912744
6258,138912762
6259,138912776
6260,138912806
6261,138912818
6262,138912828
6263,138912846
6264,138912859
6265,138912877
6266,138912896
6267,138912930
6268,138912958
6269,138912971
6270,138912995
6271,138913037
6272,138913066
6273,138913085
6274,138913117
6275,138913146
6276,138913160
6277,138913173
6278,138913180
6279,138913198
6280,138913216
6281,138913229
6282,138913245
6283,138913262
6284,138913278
6285,138913294
6286,138913310
6287,138913328
6288,138913343
6289,138913372
6290,138913384
6291,138913396
6292,138913437
6293,138913457
6294,138913475
6295,138913495
6296,138913553
6297,138913589
6298,138913635
6299,138913651
6300,138913687
6301,138913696
6302,138913713
6303,138913731
6304,138913754
6305,138913764
6306,138913779
6307,138913796
6308,138913812
6309,138913828
6310,138913849
6311,138913864
6312,138913880
6313,138913895
6314,138913914
6315,138913928
6316,138913950
6317,138913987
6318,138914033
6319,138914051
6320,138914069
6321,138914079
6322,138914100
6323,138914117
6324,138914136
6325,138914150
6326,138914164
6327,138914200
6328,138914228
6329,138914249
6330,138914260
6331,138914280
6332,138914297
6333,138914314
6334,138914329
6335,138914345
6336,138914363
6337,138914388
6338,138914423
6339,138914439
6340,138914466
6341,138914508
6342,138914533
6343,138914550
6344,138914584
6345,138914626
6346,138914663
6347,138914669
6348,138914685
6349,138914710
6350,138914722
6351,138914733
6352,138914750
6353,138914767
6354,138914783
6355,138914799
6356,138914817
6357,138914832
6358,138914847
6359,138914865
6360,138914882
6361,138914915
6362,138914936
6363,138914953
6364,138914974
6365,138914991
6366,138915048
6367,138915073
6368,138915102
6369,138915140
6370,138915163
6371,138915189
6372,138915213
6373,138915223
6374,138915244
6375,138915256
6376,138915270
6377,138915286
6378,138915302
6379,138915318
6380,138915334
6381,138915351
6382,138915392
6383,138915424
6384,138915485
6385,138915535
6386,138915570
6387,138915603
6388,138915626
6389,138915636
6390,138915649
6391,138915667
6392,138915693
6393,138915703
6394,138915725
6395,138915751
6396,138915776
6397,138915785
6398,138915802
6399,138915818
6400,138915835
6401,138915867
6402,138915893
6403,138915926
6404,138915955
6405,138915967
6406,138915995
6407,138916045
6408,138916058
6409,138916099
6410,138916132
6411,138916144
6412,138916169
6413,138916194
6414,138916210
6415,138916226
6416,138916251
6417,138916255
6418,138916269
6419,138916285
6420,138916302
6421,138916613
6422,138916630
6423,138916643
6424,138916661
6425,138916673
6426,138916703
6427,138916717
6428,138916733
6429,138916749
6430,138916764
6431,138916773
6432,138916785
6433,138916805
6434,138916818
6435,138916838
6436,138916851
6437,138916866
6438,138916886
6439,138916912
6440,138916930
6441,138916939
6442,138916976
6443,138917011
6444,138917038
6445,138917083
6446,138917101
6447,138917113
6448,138917130
6449,138917147
6450,138917160
6451,138917173
6452,138917188
6453,138917204
6454,138917221
6455,138917237
6456,138917253
6457,138917271
6458,138917287
6459,138917305
6460,138917321
6461,138917337
6462,138917360
6463,138917371
6464,138917389
6465,138917422
6466,138917441
6467,138917460
6468,138917483
6469,138917497
6470,138917518
6471,138917529
6472,138917577
6473,138917636
6474,138917665
6475,138917703
6476,138917720
6477,138917738
6478,138917765
6479,138917781
6480,138917788
6481,138917806
6482,138917825
6483,138917843
6484,138917855
6485,138917869
6486,138917899
6487,138917935
6488,138917965
6489,138917999
6490,138918037
6491,138918077
6492,138918095
6493,138918153
6494,138918175
6495,138918204
6496,138918217
6497,138918231
6498,138918254
6499,138918260
6500,138918276
6501,138918292
6502,138918308
6503,138918324
6504,138918340
6505,138918358
6506,138918373
6507,138918398
6508,138918409
6509,138918423
6510,138918438
6511,138918459
6512,138918475
6513,138918494
6514,138918512
6515,138918534
6516,138918576
6517,138918634
6518,138918656
6519,138918680
6520,138918691
6521,138918708
6522,138918738
6523,138918756
6524,138918763
6525,138918776
6526,138918791
6527,138918807
6528,138918824
6529,138918842
6530,138918859
6531,138918879
6532,138918891
6533,138918906
6534,138918932
6535,138918963
6536,138918995
6537,138919022
6538,138919052
6539,138919078
6540,138919088
6541,138919117
6542,138919150
6543,138919170
6544,138919180
6545,138919192
6546,138919200
6547,138919225
6548,138919243
6549,138919258
6550,138919278
6551,138919291
6552,138919308
6553,138919326
6554,138919342
6555,138919358
6556,138919377
6557,138919391
6558,138919410
6559,138919439
6560,138919465
6561,138919476
6562,138919493
6563,138919503
6564,138919533
6565,138919562
6566,138919597
6567,138919612
6568,138919641
6569,138919674
6570,138919687
6571,138919698
6572,138919709
6573,138919726
6574,138919750
6575,138919764
6576,138919781
6577,138919795
6578,138919811
6579,138919826
6580,138919845
6581,138919863
6582,138919877
6583,138919893
6584,138919913
6585,138919937
6586,138919963
6587,138920013
6588,138920020
6589,138920042
6590,138920087
6591,138920115
6592,138920147
6593,138920165
6594,138920200
6595,138920218
6596,138920255
6597,138920263
6598,138920276
6599,138920304
6600,138920319
6601,138920336
6602,138920347
6603,138920372
6604,138920397
6605,138920418
6606,138920429
6607,138920475
6608,138920490
6609,138920530
6610,138920593
6611,138920618
6612,138920647
6613,138920663
6614,138920681
6615,138920692
6616,138920719
6617,138920748
6618,138920771
6619,138920783
6620,138920800
6621,138920819
6622,138920842
6623,138920855
6624,138920870
6625,138920905
6626,138920933
6627,138920962
6628,138920981
6629,138921020
6630,138921042
6631,138921063
6632,138921096
6633,138921114
6634,138921142
6635,138921154
6636,138921171
6637,138921187
6638,138921203
6639,138921230
6640,138921240
6641,138921252
6642,138921273
6643,138921291
6644,138921304
6645,138921320
6646,138921336
6647,138921354
6648,138921369
6649,138921386
6650,138921408
6651,138921421
6652,138921436
6653,138921462
6654,138921485
6655,138921503
6656,138921528
6657,138921589
6658,138921629
6659,138921666
6660,138921687
6661,138921710
6662,138921726
6663,138921740
6664,138921755
6665,138921772
6666,138921787
6667,138921806
6668,138921820
6669,138921837
6670,138921856
6671,138921873
6672,138921887
6673,138921907
6674,138921925
6675,138921957
6676,138921994
6677,138922050
6678,138922092
6679,138922106
6680,138922122
6681,138922157
6682,138922198
6683,138922228
6684,138922240
6685,138922256
6686,138922278
6687,138922290
6688,138922306
6689,138922322
6690,138922341
6691,138922356
6692,138922377
6693,138922388
6694,138922408
6695,138922436
6696,138922460
6697,138922474
6698,138922518
6699,138922549
6700,138922596
6701,138922650
6702,138922666
6703,138922697
6704,138922714
6705,138922741
6706,138922761
6707,138922775
6708,138922791
6709,138922809
6710,138922824
6711,138922841
6712,138922857
6713,138922878
6714,138922893
6715,138922929
6716,138922976
6717,138923025
6718,138923086
6719,138923166
6720,138923205
6721,138923233
6722,138923259
6723,138923292
6724,138923301
6725,138923307
6726,138923324
6727,138923349
6728,138923358
6729,138923377
6730,138923396
6731,138923410
6732,138923432
6733,138923447
6734,138923471
6735,138923499
6736,138923517
6737,138923527
6738,138923549
6739,138923577
6740,138923605
6741,138923634
6742,138923641
6743,138923649
6744,138923667
6745,138923682
6746,138923705
6747,138923719
6748,138923733
6749,138923751
6750,138923764
6751,138923777
6752,138923801
6753,138923817
6754,138923832
6755,138923845
6756,138923861
6757,138923877
6758,138923895
6759,138923913
6760,138923939
6761,138923952
6762,138923960
6763,138923977
6764,138924006
6765,138924059
6766,138924128
6767,138924172
6768,138924186
6769,138924212
6770,138924234
6771,138924248
6772,138924261
6773,138924278
6774,138924295
6775,138924311
6776,138924328
6777,138924344
6778,138924361
6779,138924377
6780,138924399
6781,138924412
6782,138924437
6783,138924463
6784,138924523
6785,138924536
6786,138924568
6787,138924601
6788,138924626
6789,138924648
6790,138924667
6791,138924682
6792,138924706
6793,138924733
6794,138924759
6795,138924768
6796,138924781
6797,138924795
6798,138924810
6799,138924827
6800,138924845
6801,138924862
6802,138924876
6803,138924892
6804,138924909
6805,138924958
6806,138924972
6807,138925006
6808,138925035
6809,138925068
6810,138925109
6811,138925156
6812,138925197
6813,138925221
6814,138925252
6815,138925269
6816,138925282
6817,138925298
6818,138925314
6819,138925331
6820,138925346
6821,138925364
6822,138925385
6823,138925402
6824,138925411
6825,138925435
6826,138925462
6827,138925487
6828,138925500
6829,138925516
6830,138925553
6831,138925584
6832,138925643
6833,138925690
6834,138925703
6835,138925734
6836,138925754
6837,138925767
6838,138925783
6839,138925799
6840,138925814
6841,138925831
6842,138925848
6843,138925864
6844,138925880
6845,138925897
6846,138925913
6847,138925937
6848,138925955
6849,138925976
6850,138926034
6851,138926064
6852,138926119
6853,138926137
6854,138926160
6855,138926175
6856,138926186
6857,138926215
6858,138926235
6859,138926255
6860,138926268
6861,138926284
6862,138926301
6863,138926319
6864,138926334
6865,138926351
6866,138926365
6867,138926384
6868,138926408
6869,138926417
6870,138926433
6871,138926469
6872,138926500
6873,138926518
6874,138926543
6875,138926553
6876,138926600
6877,138926638
6878,138926647
6879,138926675
6880,138926692
6881,138926702
6882,138926734
6883,138926746
6884,138926771
6885,138926792
6886,138926805
6887,138926824
6888,138926853
6889,138926870
6890,138926891
6891,138926903
6892,138926942
6893,138926969
6894,138926983
6895,138927006
6896,138927036
6897,138927059
6898,138927089
6899,138927140
6900,138927151
6901,138927167
6902,138927188
6903,138927203
6904,138927219
6905,138927238
6906,138927255
6907,138927272
6908,138927289
6909,138927306
6910,138927322
6911,138927338
6912,138927354
6913,138927374
6914,138927389
6915,138927402
6916,138927427
6917,138927440
6918,138927455
6919,138927468
6920,138927495
6921,138927532
6922,138927541
6923,138927548
6924,138927570
6925,138927589
6926,138927619
6927,138927630
6928,138927653
6929,138927671
6930,138927706
6931,138927741
6932,138927762
6933,138927793
6934,138927799
6935,138927822
6936,138927845
6937,138927854
6938,138927871
6939,138927893
6940,138927906
6941,138927936
6942,138927953
6943,138927979
6944,138928009
6945,138928037
6946,138928073
6947,138928098
6948,138928162
6949,138928181
6950,138928198
6951,138928226
6952,138928240
6953,138928256
6954,138928272
6955,138928289
6956,138928307
6957,138928322
6958,138928338
6959,138928354
6960,138928371
6961,138928390
6962,138928407
6963,138928423
6964,138928439
6965,138928455
6966,138928485
6967,138928520
6968,138928530
6969,138928558
6970,138928602
6971,138928627
6972,138928665
6973,138928703
6974,138928728
6975,138928744
6976,138928756
6977,138928778
6978,138928790
6979,138928807
6980,138928824
6981,138928839
6982,138928857
6983,138928872
6984,138928896
6985,138928909
6986,138928958
6987,138928975
6988,138929014
6989,138929039
6990,138929076
6991,138929118
6992,138929137
6993,138929161
6994,138929182
6995,138929216
6996,138929228
6997,138929243
6998,138929259
6999,138929285
7000,138929307
7001,138929329
7002,138929341
7003,138929359
7004,138929375
7005,138929391
7006,138929413
7007,138929426
7008,138929449
7009,138929462
7010,138929484
7011,138929497
7012,138929517
7013,138929535
7014,138929554
7015,138929574
7016,138929615
7017,138929635
7018,138929647
7019,138929679
7020,138929699
7021,138929736
7022,138929755
7023,138929770
7024,138929789
7025,138929801
7026,138929812
7027,138929827
7028,138929843
7029,138929859
7030,138929875
7031,138929892
7032,138929912
7033,138929928
7034,138929945
7035,138930009
7036,138930027
7037,138930061
7038,138930066
7039,138930094
7040,138930121
7041,138930151
7042,138930187
7043,138930214
7044,138930245
7045,138930266
7046,138930279
7047,138930294
7048,138930311
7049,138930327
7050,138930343
7051,138930361
7052,138930378
7053,138930397
7054,138930411
7055,138930426
7056,138930447
7057,138930476
7058,138930498
7059,138930517
7060,138930537
7061,138930566
7062,138930597
7063,138930626
7064,138930643
7065,138930664
7066,138930681
7067,138930700
7068,138930719
7069,138930743
7070,138930752
7071,138930779
7072,138930806
7073,138930812
7074,138930829
7075,138930845
7076,138930864
7077,138930878
7078,138930900
7079,138930912
7080,138930929
7081,138930951
7082,138930964
7083,138930995
7084,138931027
7085,138931056
7086,138931077
7087,138931106
7088,138931146
7089,138931164
7090,138931187
7091,138931196
7092,138931213
7093,138931229
7094,138931247
7095,138931264
7096,138931283
7097,138931296
7098,138931313
7099,138931329
7100,138931345
7101,138931361
7102,138931381
7103,138931395
7104,138931416
7105,138931429
7106,138931445
7107,138931462
7108,138931502
7109,138931517
7110,138931547
7111,138931589
7112,138931636
7113,138931678
7114,138931703
7115,138931735
7116,138931752
7117,138931771
7118,138931785
7119,138931799
7120,138931815
7121,138931830
7122,138931846
7123,138931864
7124,138931878
7125,138931900
7126,138931910
7127,138931937
7128,138931964
7129,138931983
7130,138932001
7131,138932023
7132,138932052
7133,138932072
7134,138932126
7135,138932156
7136,138932169
7137,138932198
7138,138932223
7139,138932257
7140,138932268
7141,138932284
7142,138932306
7143,138932330
7144,138932339
7145,138932349
7146,138932370
7147,138932380
7148,138932400
7149,138932421
7150,138932436
7151,138932447
7152,138932481
7153,138932492
7154,138932518
7155,138932528
7156,138932553
7157,138932570
7158,138932591
7159,138932609
7160,138932634
7161,138932650
7162,138932666
7163,138932687
7164,138932706
7165,138932733
7166,138932752
7167,138932783
7168,138932805
7169,138932821
7170,138932836
7171,138932855
7172,138932874
7173,138932889
7174,138932905
7175,138932936
7176,138932980
7177,138932993
7178,138933005
7179,138933043
7180,138933061
7181,138933090
7182,138933122
7183,138933145
7184,138933175
7185,138933210
7186,138933222
7187,138933234
7188,138933250
7189,138933268
7190,138933286
7191,138933303
7192,138933320
7193,138933336
7194,138933351
7195,138933370
7196,138933388
7197,138933409
7198,138933419
7199,138933436
7200,138933467
7201,138933492
7202,138933522
7203,138933542
7204,138933567
7205,138933608
7206,138933621
7207,138933666
7208,138933695
7209,138933728
7210,138933761
7211,138933772
7212,138933785
7213,138933802
7214,138933819
7215,138933836
7216,138933853
7217,138933869
7218,138933889
7219,138933905
7220,138933939
7221,138933962
7222,138933975
7223,138933988
7224,138934010
7225,138934026
7226,138934047
7227,138934069
7228,138934091
7229,138934117
7230,138934129
7231,138934142
7232,138934159
7233,138934170
7234,138934188
7235,138934205
7236,138934222
7237,138934252
7238,138934269
7239,138934288
7240,138934312
7241,138934325
7242,138934338
7243,138934354
7244,138934368
7245,138934402
7246,138934427
7247,138934441
7248,138934460
7249,138934481
7250,138934500
7251,138934527
7252,138934557
7253,138934603
7254,138934632
7255,138934670
7256,138934694
7257,138934706
7258,138934720
7259,138934735
7260,138934751
7261,138934763
7262,138934779
7263,138934798
7264,138934812
7265,138934825
7266,138934842
7267,138934850
7268,138934867
7269,138934883
7270,138934889
7271,138934909
7272,138934929
7273,138934948
7274,138934966
7275,138934988
7276,138935015
7277,138935033
7278,138935038
7279,138935080
7280,138935094
7281,138935128
7282,138935156
7283,138935160
7284,138935187
7285,138935196
7286,138935217
7287,138935249
7288,138935266
7289,138935281
7290,138935287
7291,138935299
7292,138935316
7293,138935332
7294,138935359
7295,138935367
7296,138935379
7297,138935403
7298,138935431
7299,138935477
7300,138935496
7301,138935518
7302,138935535
7303,138935547
7304,138935582
7305,138935607
7306,138935633
7307,138935640
7308,138935661
7309,138935676
7310,138935722
7311,138935727
7312,138935745
7313,138935758
7314,138935775
7315,138935791
7316,138935810
7317,138935824
7318,138935842
7319,138935862
7320,138935878
7321,138935898
7322,138935917
7323,138935933
7324,138935943
7325,138935960
7326,138935977
7327,138935992
7328,138936023
7329,138936037
7330,138936057
7331,138936080
7332,138936113
7333,138936129
7334,138936141
7335,138936159
7336,138936174
7337,138936202
7338,138936212
7339,138936222
7340,138936237
7341,138936255
7342,138936275
7343,138936292
7344,138936309
7345,138936326
7346,138936351
7347,138936365
7348,138936376
7349,138936395
7350,138936417
7351,138936453
7352,138936475
7353,138936508
7354,138936527
7355,138936556
7356,138936600
7357,138936630
7358,138936659
7359,138936670
7360,138936705
7361,138936731
7362,138936755
7363,138936789
7364,138936804
7365,138936811
7366,138936827
7367,138936842
7368,138936861
7369,138936876
7370,138936892
7371,138936913
7372,138936931
7373,138936941
7374,138936978
7375,138937015
7376,138937031
7377,138937064
7378,138937089
7379,138937116
7380,138937149
7381,138937162
7382,138937184
7383,138937192
7384,138937219
7385,138937236
7386,138937248
7387,138937269
7388,138937282
7389,138937297
7390,138937314
7391,138937331
7392,138937347
7393,138937363
7394,138937379
7395,138937396
7396,138937416
7397,138937432
7398,138937449
7399,138937462
7400,138937477
7401,138937490
7402,138937512
7403,138937548
7404,138937561
7405,138937592
7406,138937625
7407,138937669
7408,138937693
7409,138937750
7410,138937771
7411,138937778
7412,138937796
7413,138937814
7414,138937827
7415,138937846
7416,138937860
7417,138937878
7418,138937894
7419,138937917
7420,138937935
7421,138937971
7422,138938014
7423,138938053
7424,138938073
7425,138938125
7426,138938156
7427,138938168
7428,138938187
7429,138938203
7430,138938237
7431,138938250
7432,138938268
7433,138938281
7434,138938298
7435,138938316
7436,138938337
7437,138938350
7438,138938369
7439,138938387
7440,138938404
7441,138938422
7442,138938459
7443,138938484
7444,138938491
7445,138938512
7446,138938526
7447,138938540
7448,138938574
7449,138938613
7450,138938671
7451,138938711
7452,138938740
7453,138938768
7454,138938792
7455,138938824
7456,138938836
7457,138938851
7458,138938869
7459,138938885
7460,138938905
7461,138938922
7462,138938937
7463,138938977
7464,138938997
7465,138939012
7466,138939038
7467,138939089
7468,138939125
7469,138939175
7470,138939200
7471,138939229
7472,138939253
7473,138939259
7474,138939274
7475,138939295
7476,138939306
7477,138939323
7478,138939339
7479,138939357
7480,138939372
7481,138939389
7482,138939406
7483,138939431
7484,138939449
7485,138939477
7486,138939504
7487,138939531
7488,138939546
7489,138939558
7490,138939585
7491,138939632
7492,138939663
7493,138939677
7494,138939701
7495,138939719
7496,138939729
7497,138939743
7498,138939759
7499,138939780
7500,138939795
7501,138939809
7502,138939826
7503,138939841
7504,138939855
7505,138939872
7506,138939901
7507,138939914
7508,138939926
7509,138939946
7510,138939964
7511,138939977
7512,138939997
7513,138940019
7514,138940037
7515,138940080
7516,138940107
7517,138940126
7518,138940151
7519,138940189
7520,138940212
7521,138940237
7522,138940247
7523,138940261
7524,138940282
7525,138940297
7526,138940311
7527,138940329
7528,138940342
7529,138940362
7530,138940375
7531,138940390
7532,138940412
7533,138940425
7534,138940444
7535,138940461
7536,138940479
7537,138940503
7538,138940520
7539,138940534
7540,138940551
7541,138940585
7542,138940618
7543,138940654
7544,138940698
7545,138940719
7546,138940732
7547,138940750
7548,138940766
7549,138940781
7550,138940797
7551,138940812
7552,138940828
7553,138940845
7554,138940866
7555,138940878
7556,138940897
7557,138940915
7558,138940951
7559,138940998
7560,138941030
7561,138941041
7562,138941074
7563,138941111
7564,138941120
7565,138941157
7566,138941165
7567,138941194
7568,138941220
7569,138941226
7570,138941235
7571,138941246
7572,138941269
7573,138941281
7574,138941296
7575,138941314
7576,138941329
7577,138941347
7578,138941362
7579,138941378
7580,138941395
7581,138941414
7582,138941790
7583,138941797
7584,138941813
7585,138941828
7586,138941844
7587,138941861
7588,138941881
7589,138941896
7590,138941913
7591,138941928
7592,138941949
7593,138941963
7594,138941982
7595,138941998
7596,138942013
7597,138942033
7598,138942050
7599,138942120
7600,138942132
7601,138942152
7602,138942170
7603,138942198
7604,138942213
7605,138942231
7606,138942248
7607,138942263
7608,138942282
7609,138942300
7610,138942317
7611,138942335
7612,138942347
7613,138942365
7614,138942381
7615,138942402
7616,138942419
7617,138942475
7618,138942514
7619,138942548
7620,138942590
7621,138942647
7622,138942669
7623,138942691
7624,138942702
7625,138942716
7626,138942740
7627,138942749
7628,138942770
7629,138942782
7630,138942799
7631,138942819
7632,138942835
7633,138942849
7634,138942869
7635,138942883
7636,138942900
7637,138942917
7638,138942949
7639,138942983
7640,138943008
7641,138943024
7642,138943054
7643,138943089
7644,138943096
7645,138943110
7646,138943157
7647,138943185
7648,138943201
7649,138943228
7650,138943242
7651,138943259
7652,138943269
7653,138943285
7654,138943301
7655,138943317
7656,138943331
7657,138943348
7658,138943365
7659,138943381
7660,138943399
7661,138943417
7662,138943435
7663,138943450
7664,138943470
7665,138943501
7666,138943516
7667,138943536
7668,138943575
7669,138943602
7670,138943643
7671,138943664
7672,138943679
7673,138943712
7674,138943730
7675,138943753
7676,138943785
7677,138943800
7678,138943812
7679,138943826
7680,138943836
7681,138943851
7682,138943869
7683,138943883
7684,138943899
7685,138943915
7686,138943937
7687,138943951
7688,138943968
7689,138943987
7690,138944004
7691,138944037
7692,138944070
7693,138944089
7694,138944116
7695,138944143
7696,138944154
7697,138944175
7698,138944191
7699,138944202
7700,138944229
7701,138944243
7702,138944261
7703,138944271
7704,138944293
7705,138944311
7706,138944336
7707,138944354
7708,138944369
7709,138944385
7710,138944403
7711,138944424
7712,138944436
7713,138944454
7714,138944495
7715,138944526
7716,138944540
7717,138944576
7718,138944581
7719,138944596
7720,138944614
7721,138944642
7722,138944662
7723,138944702
7724,138944724
7725,138944744
7726,138944757
7727,138944773
7728,138944788
7729,138944806
7730,138944827
7731,138944839
7732,138944856
7733,138944871
7734,138944888
7735,138944903
7736,138944919
7737,138944936
7738,138944953
7739,138944989
7740,138945026
7741,138945055
7742,138945096
7743,138945119
7744,138945129
7745,138945149
7746,138945165
7747,138945187
7748,138945207
7749,138945214
7750,138945227
7751,138945239
7752,138945256
7753,138945275
7754,138945289
7755,138945307
7756,138945321
7757,138945337
7758,138945355
7759,138945371
7760,138945388
7761,138945403
7762,138945421
7763,138945450
7764,138945465
7765,138945474
7766,138945493
7767,138945514
7768,138945531
7769,138945556
7770,138945593
7771,138945616
7772,138945645
7773,138945664
7774,138945697
7775,138945712
7776,138945727
7777,138945737
7778,138945754
7779,138945763
7780,138945776
7781,138945796
7782,138945809
7783,138945825
7784,138945843
7785,138945859
7786,138945875
7787,138945891
7788,138945906
7789,138945924
7790,138945943
7791,138945960
7792,138945983
7793,138945995
7794,138946009
7795,138946035
7796,138946062
7797,138946082
7798,138946120
7799,138946157
7800,138946168
7801,138946193
7802,138946202
7803,138946226
7804,138946244
7805,138946259
7806,138946275
7807,138946292
7808,138946313
7809,138946327
7810,138946343
7811,138946359
7812,138946375
7813,138946392
7814,138946407
7815,138946425
7816,138946441
7817,138946462
7818,138946498
7819,138946517
7820,138946526
7821,138946541
7822,138946559
7823,138946589
7824,138946614
7825,138946645
7826,138946677
7827,138946685
7828,138946707
7829,138946731
7830,138946746
7831,138946760
7832,138946776
7833,138946796
7834,138946809
7835,138946825
7836,138946845
7837,138946859
7838,138946877
7839,138946892
7840,138946908
7841,138946936
7842,138946966
7843,138946982
7844,138947004
7845,138947026
7846,138947060
7847,138947099
7848,138947161
7849,138947203
7850,138947236
7851,138947250
7852,138947264
7853,138947279
7854,138947292
7855,138947309
7856,138947326
7857,138947343
7858,138947360
7859,138947377
7860,138947395
7861,138947414
7862,138947427
7863,138947444
7864,138947463
7865,138947485
7866,138947509
7867,138947529
7868,138947553
7869,138947571
7870,138947620
7871,138947648
7872,138947660
7873,138947694
7874,138947710
7875,138947727
7876,138947745
7877,138947762
7878,138947778
7879,138947798
7880,138947812
7881,138947827
7882,138947846
7883,138947861
7884,138947882
7885,138947894
7886,138947910
7887,138947928
7888,138947968
7889,138948006
7890,138948019
7891,138948051
7892,138948110
7893,138948132
7894,138948149
7895,138948173
7896,138948197
7897,138948211
7898,138948233
7899,138948249
7900,138948266
7901,138948285
7902,138948298
7903,138948311
7904,138948329
7905,138948344
7906,138948361
7907,138948383
7908,138948394
7909,138948417
7910,138948435
7911,138948445
7912,138948467
7913,138948481
7914,138948504
7915,138948520
7916,138948537
7917,138948569
7918,138948605
7919,138948638
7920,138948665
7921,138948690
7922,138948709
7923,138948731
7924,138948753
7925,138948776
7926,138948795
7927,138948811
7928,138948821
7929,138948834
7930,138948849
7931,138948868
7932,138948880
7933,138948903
7934,138948918
7935,138948930
7936,138948950
7937,138948970
7938,138948985
7939,138949001
7940,138949027
7941,138949046
7942,138949074
7943,138949085
7944,138949156
7945,138949171
7946,138949187
7947,138949205
7948,138949244
7949,138949260
7950,138949272
7951,138949289
7952,138949303
7953,138949318
7954,138949332
7955,138949355
7956,138949366
7957,138949382
7958,138949399
7959,138949414
7960,138949431
7961,138949447
7962,138949472
7963,138949498
7964,138949519
7965,138949533
7966,138949598
7967,138949615
7968,138949656
7969,138949682
7970,138949714
7971,138949748
7972,138949774
7973,138949806
7974,138949835
7975,138949858
7976,138949871
7977,138949883
7978,138949905
7979,138949917
7980,138949935
7981,138949955
7982,138949985
7983,138950011
7984,138950026
7985,138950047
7986,138950099
7987,138950138
7988,138950169
7989,138950191
7990,138950215
7991,138950224
7992,138950247
7993,138950272
7994,138950294
7995,138950306
7996,138950317
7997,138950335
7998,138950351
7999,138950368
8000,138950388
8001,138950402
8002,138950418
8003,138950436
8004,138950450
8005,138950468
8006,138950493
8007,138950508
8008,138950524
8009,138950572
8010,138950594
8011,138950608
8012,138950673
8013,138950701
8014,138950706
8015,138950726
8016,138950744
8017,138950755
8018,138950772
8019,138950793
8020,138950818
8021,138950840
8022,138950854
8023,138950884
8024,138950910
8025,138950927
8026,138950945
8027,138950956
8028,138950975
8029,138950988
8030,138950999
8031,138951028
8032,138951039
8033,138951080
8034,138951101
8035,138951144
8036,138951177
8037,138951191
8038,138951226
8039,138951238
8040,138951274
8041,138951307
8042,138951325
8043,138951341
8044,138951354
8045,138951371
8046,138951386
8047,138951404
8048,138951424
8049,138951444
8050,138951458
8051,138951470
8052,138951496
8053,138951509
8054,138951546
8055,138951565
8056,138951587
8057,138951622
8058,138951658
8059,138951696
8060,138951729
8061,138951753
8062,138951762
8063,138951771
8064,138951789
8065,138951806
8066,138951825
8067,138951843
8068,138951858
8069,138951872
8070,138951887
8071,138951905
8072,138951921
8073,138951940
8074,138951957
8075,138951990
8076,138952019
8077,138952049
8078,138952073
8079,138952079
8080,138952114
8081,138952139
8082,138952544
8083,138952547
8084,138952583
8085,138952600
8086,138952645
8087,138952692
8088,138952717
8089,138952758
8090,138952778
8091,138952795
8092,138952808
8093,138952823
8094,138952840
8095,138952857
8096,138952873
8097,138952890
8098,138952909
8099,138952924
8100,138952939
8101,138952956
8102,138952973
8103,138952992
8104,138953029
8105,138953057
8106,138953074
8107,138953120
8108,138953155
8109,138953217
8110,138953245
8111,138953267
8112,138953287
8113,138953314
8114,138953323
8115,138953334
8116,138953344
8117,138953359
8118,138953374
8119,138953390
8120,138953406
8121,138953424
8122,138953439
8123,138953458
8124,138953481
8125,138953489
8126,138953527
8127,138953546
8128,138953570
8129,138953601
8130,138953642
8131,138953675
8132,138953701
8133,138953719
8134,138953742
8135,138953775
8136,138953804
8137,138953813
8138,138953829
8139,138953843
8140,138953862
8141,138953875
8142,138953891
8143,138953907
8144,138953924
8145,138953941
8146,138953961
8147,138953989
8148,138954009
8149,138954038
8150,138954061
8151,138954080
8152,138954101
8153,138954135
8154,138954172
8155,138954187
8156,138954216
8157,138954245
8158,138954254
8159,138954272
8160,138954283
8161,138954295
8162,138954323
8163,138954333
8164,138954346
8165,138954362
8166,138954377
8167,138954393
8168,138954410
8169,138954425
8170,138954441
8171,138954461
8172,138954476
8173,138954490
8174,138954509
8175,138954534
8176,138954548
8177,138954586
8178,138954653
8179,138954703
8180,138954777
8181,138954782
8182,138954806
8183,138954825
8184,138954842
8185,138954857
8186,138954865
8187,138954876
8188,138954894
8189,138954912
8190,138954924
8191,138954939
8192,138954953
8193,138954974
8194,138954997
8195,138955029
8196,138955061
8197,138955085
8198,138955111
8199,138955149
8200,138955223
8201,138955245
8202,138955256
8203,138955285
8204,138955294
8205,138955303
8206,138955324
8207,138955332
8208,138955348
8209,138955365
8210,138955382
8211,138955400
8212,138955417
8213,138955435
8214,138955455
8215,138955474
8216,138955491
8217,138955508
8218,138955534
8219,138955578
8220,138955610
8221,138955633
8222,138955655
8223,138955674
8224,138955732
8225,138955760
8226,138955780
8227,138955812
8228,138955822
8229,138955845
8230,138955858
8231,138955868
8232,138955889
8233,138955906
8234,138955918
8235,138955935
8236,138955951
8237,138955970
8238,138955987
8239,138956006
8240,138956021
8241,138956038
8242,138956056
8243,138956076
8244,138956095
8245,138956119
8246,138956166
8247,138956227
8248,138956243
8249,138956266
8250,138956275
8251,138956306
8252,138956335
8253,138956354
8254,138956369
8255,138956382
8256,138956391
8257,138956402
8258,138956423
8259,138956436
8260,138956450
8261,138956467
8262,138956490
8263,138956502
8264,138956518
8265,138956539
8266,138956562
8267,138956594
8268,138956612
8269,138956645
8270,138956662
8271,138956681
8272,138956719
8273,138956767
8274,138956786
8275,138956793
8276,138956818
8277,138956826
8278,138956841
8279,138956857
8280,138956873
8281,138956889
8282,138956905
8283,138956921
8284,138956939
8285,138956953
8286,138956969
8287,138956987
8288,138957014
8289,138957023
8290,138957050
8291,138957076
8292,138957114
8293,138957127
8294,138957159
8295,138957215
8296,138957298
8297,138957303
8298,138957318
8299,138957337
8300,138957359
8301,138957373
8302,138957389
8303,138957406
8304,138957424
8305,138957443
8306,138957460
8307,138957477
8308,138957495
8309,138957514
8310,138957542
8311,138957546
8312,138957565
8313,138957583
8314,138957599
8315,138957630
8316,138957680
8317,138957723
8318,138957748
8319,138957760
8320,138957780
8321,138957812
8322,138957841
8323,138957853
8324,138957866
8325,138957873
8326,138957890
8327,138957912
8328,138957927
8329,138957941
8330,138957960
8331,138957977
8332,138958000
8333,138958016
8334,138958032
8335,138958047
8336,138958061
8337,138958081
8338,138958099
8339,138958116
8340,138958136
8341,138958167
8342,138958195
8343,138958219
8344,138958253
8345,138958283
8346,138958295
8347,138958314
8348,138958337
8349,138958352
8350,138958364
8351,138958381
8352,138958395
8353,138958410
8354,138958428
8355,138958442
8356,138958461
8357,138958482
8358,138958496
8359,138958515
8360,138958533
8361,138958548
8362,138958566
8363,138958578
8364,138958598
8365,138958621
8366,138958640
8367,138958666
8368,138958682
8369,138958701
8370,138958731
8371,138958749
8372,138958780
8373,138958786
8374,138958812
8375,138958832
8376,138958844
8377,138958863
8378,138958880
8379,138958896
8380,138958916
8381,138958932
8382,138958945
8383,138958962
8384,138958983
8385,138959002
8386,138959018
8387,138959030
8388,138959074
8389,138959116
8390,138959156
8391,138959178
8392,138959221
8393,138959254
8394,138959268
8395,138959290
8396,138959306
8397,138959325
8398,138959352
8399,138959380
8400,138959394
8401,138959403
8402,138959414
8403,138959435
8404,138959448
8405,138959470
8406,138959491
8407,138959502
8408,138959520
8409,138959530
8410,138959548
8411,138959580
8412,138959618
8413,138959653
8414,138959681
8415,138959704
8416,138959734
8417,138959767
8418,138959782
8419,138959799
8420,138959822
8421,138959836
8422,138959850
8423,138959872
8424,138959883
8425,138959899
8426,138959916
8427,138959935
8428,138959950
8429,138959967
8430,138960000
8431,138960005
8432,138960017
8433,138960038
8434,138960076
8435,138960123
8436,138960138
8437,138960162
8438,138960204
8439,138960230
8440,138960244
8441,138960258
8442,138960270
8443,138960284
8444,138960311
8445,138960339
8446,138960349
8447,138960366
8448,138960383
8449,138960402
8450,138960418
8451,138960433
8452,138960450
8453,138960466
8454,138960487
8455,138960508
8456,138960526
8457,138960541
8458,138960561
8459,138960584
8460,138960607
8461,138960628
8462,138960654
8463,138960676
8464,138960693
8465,138960705
8466,138960734
8467,138960762
8468,138960779
8469,138960812
8470,138960830
8471,138960853
8472,138960870
8473,138960885
8474,138960909
8475,138960919
8476,138960951
8477,138960973
8478,138960989
8479,138961020
8480,138961024
8481,138961039
8482,138961064
8483,138961097
8484,138961132
8485,138961143
8486,138961154
8487,138961173
8488,138961201
8489,138961229
8490,138961243
8491,138961269
8492,138961285
8493,138961303
8494,138961323
8495,138961336
8496,138961361
8497,138961373
8498,138961387
8499,138961403
8500,138961419
8501,138961436
8502,138961451
8503,138961472
8504,138961488
8505,138961507
8506,138961529
8507,138961545
8508,138961582
8509,138961623
8510,138961645
8511,138961658
8512,138961708
8513,138961751
8514,138961775
8515,138961797
8516,138961809
8517,138961819
8518,138961836
8519,138961853
8520,138961869
8521,138961890
8522,138961902
8523,138961918
8524,138961937
8525,138961954
8526,138961969
8527,138961985
8528,138962005
8529,138962027
8530,138962045
8531,138962057
8532,138962078
8533,138962114
8534,138962131
8535,138962141
8536,138962159
8537,138962173
8538,138962205
8539,138962212
8540,138962227
8541,138962244
8542,138962273
8543,138962291
8544,138962305
8545,138962322
8546,138962340
8547,138962378
8548,138962394
8549,138962406
8550,138962423
8551,138962439
8552,138962457
8553,138962482
8554,138962500
8555,138962522
8556,138962541
8557,138962558
8558,138962576
8559,138962593
8560,138962614
8561,138962658
8562,138962743
8563,138962773
8564,138962799
8565,138962819
8566,138962834
8567,138962842
8568,138962857
8569,138962878
8570,138962891
8571,138962908
8572,138962924
8573,138962941
8574,138962957
8575,138962976
8576,138962989
8577,138963018
8578,138963037
8579,138963059
8580,138963073
8581,138963094
8582,138963451
8583,138963460
8584,138963476
8585,138963489
8586,138963511
8587,138963534
8588,138963551
8589,138963577
8590,138963615
8591,138963619
8592,138963640
8593,138963683
8594,138963732
8595,138963745
8596,138963777
8597,138963798
8598,138963846
8599,138963860
8600,138963881
8601,138963894
8602,138963910
8603,138963926
8604,138963943
8605,138963961
8606,138963977
8607,138963995
8608,138964029
8609,138964067
8610,138964099
8611,138964125
8612,138964149
8613,138964162
8614,138964195
8615,138964228
8616,138964271
8617,138964300
8618,138964331
8619,138964345
8620,138964363
8621,138964385
8622,138964398
8623,138964409
8624,138964429
8625,138964449
8626,138964462
8627,138964476
8628,138964494
8629,138964509
8630,138964532
8631,138964544
8632,138964562
8633,138964578
8634,138964598
8635,138964623
8636,138964671
8637,138964696
8638,138964741
8639,138964762
8640,138964793
8641,138964826
8642,138964837
8643,138964851
8644,138964871
8645,138964879
8646,138964898
8647,138964910
8648,138964927
8649,138964945
8650,138964959
8651,138964976
8652,138965006
8653,138965023
8654,138965042
8655,138965068
8656,138965090
8657,138965099
8658,138965128
8659,138965138
8660,138965173
8661,138965213
8662,138965255
8663,138965267
8664,138965280
8665,138965321
8666,138965332
8667,138965350
8668,138965368
8669,138965385
8670,138965399
8671,138965420
8672,138965432
8673,138965447
8674,138965468
8675,138965482
8676,138965495
8677,138965519
8678,138965537
8679,138965558
8680,138965584
8681,138965595
8682,138965611
8683,138965627
8684,138965649
8685,138965661
8686,138965690
8687,138965701
8688,138965727
8689,138965748
8690,138965781
8691,138965810
8692,138965834
8693,138965864
8694,138965883
8695,138965908
8696,138965917
8697,138965934
8698,138965950
8699,138965968
8700,138965983
8701,138966034
8702,138966064
8703,138966069
8704,138966091
8705,138966113
8706,138966120
8707,138966137
8708,138966187
8709,138966211
8710,138966240
8711,138966269
8712,138966297
8713,138966318
8714,138966332
8715,138966348
8716,138966371
8717,138966383
8718,138966408
8719,138966420
8720,138966432
8721,138966453
8722,138966466
8723,138966484
8724,138966499
8725,138966532
8726,138966551
8727,138966559
8728,138966573
8729,138966587
8730,138966618
8731,138966637
8732,138966668
8733,138966709
8734,138966758
8735,138966781
8736,138966807
8737,138966818
8738,138966835
8739,138966854
8740,138966874
8741,138966884
8742,138966902
8743,138966918
8744,138966934
8745,138966951
8746,138966968
8747,138966990
8748,138967008
8749,138967014
8750,138967034
8751,138967058
8752,138967076
8753,138967105
8754,138967142
8755,138967180
8756,138967206
8757,138967233
8758,138967260
8759,138967277
8760,138967303
8761,138967322
8762,138967346
8763,138967362
8764,138967372
8765,138967387
8766,138967402
8767,138967417
8768,138967435
8769,138967450
8770,138967467
8771,138967485
8772,138967502
8773,138967518
8774,138967537
8775,138967547
8776,138967565
8777,138967587
8778,138967603
8779,138967622
8780,138967635
8781,138967658
8782,138967674
8783,138967702
8784,138967724
8785,138967735
8786,138967757
8787,138967770
8788,138967797
8789,138967814
8790,138967835
8791,138967858
8792,138967882
8793,138967895
8794,138967921
8795,138967945
8796,138967956
8797,138967976
8798,138967989
8799,138968014
8800,138968026
8801,138968040
8802,138968064
8803,138968073
8804,138968107
8805,138968141
8806,138968177
8807,138968208
8808,138968232
8809,138968280
8810,138968305
8811,138968315
8812,138968338
8813,138968359
8814,138968375
8815,138968388
8816,138968406
8817,138968424
8818,138968438
8819,138968455
8820,138968473
8821,138968489
8822,138968509
8823,138968524
8824,138968538
8825,138968564
8826,138968594
8827,138968629
8828,138968657
8829,138968674
8830,138968708
8831,138968725
8832,138968763
8833,138968782
8834,138968794
8835,138968814
8836,138968825
8837,138968839
8838,138968857
8839,138968874
8840,138968889
8841,138968907
8842,138968926
8843,138968940
8844,138968956
8845,138968971
8846,138968992
8847,138969016
8848,138969036
8849,138969059
8850,138969072
8851,138969103
8852,138969114
8853,138969163
8854,138969197
8855,138969262
8856,138969272
8857,138969285
8858,138969300
8859,138969328
8860,138969358
8861,138969366
8862,138969391
8863,138969408
8864,138969425
8865,138969442
8866,138969459
8867,138969475
8868,138969497
8869,138969515
8870,138969528
8871,138969542
8872,138969571
8873,138969601
8874,138969635
8875,138969665
8876,138969719
8877,138969725
8878,138969734
8879,138969748
8880,138969758
8881,138969781
8882,138969793
8883,138969807
8884,138969828
8885,138969841
8886,138969858
8887,138969882
8888,138969908
8889,138969926
8890,138969942
8891,138969958
8892,138969976
8893,138969992
8894,138970014
8895,138970028
8896,138970048
8897,138970063
8898,138970081
8899,138970096
8900,138970113
8901,138970132
8902,138970162
8903,138970179
8904,138970224
8905,138970265
8906,138970272
8907,138970292
8908,138970301
8909,138970310
8910,138970325
8911,138970344
8912,138970362
8913,138970377
8914,138970393
8915,138970410
8916,138970426
8917,138970450
8918,138970472
8919,138970495
8920,138970511
8921,138970532
8922,138970601
8923,138970627
8924,138970661
8925,138970682
8926,138970731
8927,138970741
8928,138970757
8929,138970776
8930,138970794
8931,138970816
8932,138970830
8933,138970845
8934,138970861
8935,138970879
8936,138970895
8937,138970912
8938,138970929
8939,138970945
8940,138970961
8941,138970975
8942,138970994
8943,138971012
8944,138971028
8945,138971043
8946,138971059
8947,138971079
8948,138971092
8949,138971111
8950,138971138
8951,138971153
8952,138971184
8953,138971196
8954,138971219
8955,138971235
8956,138971264
8957,138971285
8958,138971305
8959,138971333
8960,138971361
8961,138971370
8962,138971382
8963,138971394
8964,138971416
8965,138971428
8966,138971446
8967,138971461
8968,138971478
8969,138971495
8970,138971510
8971,138971528
8972,138971545
8973,138971558
8974,138971578
8975,138971599
8976,138971643
8977,138971675
8978,138971720
8979,138971769
8980,138971781
8981,138971797
8982,138971813
8983,138971832
8984,138971861
8985,138971887
8986,138971910
8987,138971951
8988,138971963
8989,138971979
8990,138972007
8991,138972032
8992,138972064
8993,138972084
8994,138972099
8995,138972135
8996,138972157
8997,138972182
8998,138972232
8999,138972253
9000,138972300
9001,138972313
9002,138972328
9003,138972348
9004,138972370
9005,138972386
9006,138972406
9007,138972415
9008,138972432
9009,138972448
9010,138972469
9011,138972481
9012,138972498
9013,138972516
9014,138972530
9015,138972549
9016,138972580
9017,138972586
9018,138972605
9019,138972625
9020,138972640
9021,138972654
9022,138972673
9023,138972685
9024,138972707
9025,138972751
9026,138972765
9027,138972784
9028,138972795
9029,138972814
9030,138972826
9031,138972835
9032,138972850
9033,138972881
9034,138972886
9035,138972902
9036,138972926
9037,138972938
9038,138972951
9039,138972968
9040,138972983
9041,138973000
9042,138973018
9043,138973039
9044,138973055
9045,138973100
9046,138973123
9047,138973157
9048,138973198
9049,138973206
9050,138973237
9051,138973257
9052,138973277
9053,138973293
9054,138973306
9055,138973319
9056,138973334
9057,138973352
9058,138973368
9059,138973385
9060,138973402
9061,138973418
9062,138973437
9063,138973452
9064,138973468
9065,138973484
9066,138973509
9067,138973519
9068,138973538
9069,138973551
9070,138973568
9071,138973582
9072,138973598
9073,138973626
9074,138973667
9075,138973685
9076,138973746
9077,138973790
9078,138973827
9079,138973843
9080,138973852
9081,138973876
9082,138973904
9083,138973920
9084,138973937
9085,138973953
9086,138973969
9087,138973986
9088,138974004
9089,138974018
9090,138974034
9091,138974054
9092,138974083
9093,138974108
9094,138974132
9095,138974154
9096,138974186
9097,138974233
9098,138974257
9099,138974275
9100,138974306
9101,138974320
9102,138974332
9103,138974355
9104,138974366
9105,138974375
9106,138974397
9107,138974405
9108,138974422
9109,138974437
9110,138974453
9111,138974472
9112,138974487
9113,138974505
9114,138974524
9115,138974536
9116,138974551
9117,138974577
9118,138974595
9119,138974606
9120,138974624
9121,138974639
9122,138974657
9123,138974683
9124,138974707
9125,138974718
9126,138974741
9127,138974760
9128,138974777
9129,138974804
9130,138974841
9131,138974859
9132,138974868
9133,138974888
9134,138974908
9135,138974928
9136,138974938
9137,138974954
9138,138974973
9139,138974987
9140,138975005
9141,138975024
9142,138975038
9143,138975056
9144,138975096
9145,138975124
9146,138975154
9147,138975187
9148,138975195
9149,138975224
9150,138975265
9151,138975275
9152,138975306
9153,138975323
9154,138975329
9155,138975339
9156,138975359
9157,138975372
9158,138975390
9159,138975411
9160,138975422
9161,138975439
9162,138975455
9163,138975473
9164,138975488
9165,138975507
9166,138975530
9167,138975547
9168,138975588
9169,138975597
9170,138975616
9171,138975623
9172,138975644
9173,138975657
9174,138975676
9175,138975692
9176,138975715
9177,138975733
9178,138975765
9179,138975776
9180,138975789
9181,138975810
9182,138975825
9183,138975841
9184,138975856
9185,138975873
9186,138975889
9187,138975906
9188,138975924
9189,138975940
9190,138975957
9191,138975975
9192,138975992
9193,138976016
9194,138976039
9195,138976045
9196,138976065
9197,138976092
9198,138976109
9199,138976147
9200,138976179
9201,138976182
9202,138976205
9203,138976229
9204,138976289
9205,138976326
9206,138976349
9207,138976377
9208,138976408
9209,138976419
9210,138976431
9211,138976457
9212,138976474
9213,138976494
9214,138976507
9215,138976524
9216,138976542
9217,138976566
9218,138976583
9219,138976594
9220,138976611
9221,138976629
9222,138976641
9223,138976675
9224,138976697
9225,138976717
9226,138976745
9227,138976774
9228,138976780
9229,138976792
9230,138976809
9231,138976826
9232,138976843
9233,138976872
9234,138976883
9235,138976909
9236,138976930
9237,138976944
9238,138976958
9239,138976983
9240,138976995
9241,138977007
9242,138977035
9243,138977061
9244,138977099
9245,138977129
9246,138977167
9247,138977200
9248,138977234
9249,138977250
9250,138977270
9251,138977288
9252,138977322
9253,138977341
9254,138977355
9255,138977366
9256,138977379
9257,138977397
9258,138977415
9259,138977431
9260,138977447
9261,138977457
9262,138977475
9263,138977493
9264,138977512
9265,138977523
9266,138977550
9267,138977559
9268,138977580
9269,138977592
9270,138977616
9271,138977634
9272,138977645
9273,138977675
9274,138977758
9275,138977809
9276,138977852
9277,138977866
9278,138977879
9279,138977895
9280,138977911
9281,138977926
9282,138977944
9283,138977961
9284,138977978
9285,138977997
9286,138978011
9287,138978028
9288,138978045
9289,138978070
9290,138978087
9291,138978109
9292,138978131
9293,138978151
9294,138978168
9295,138978182
9296,138978215
9297,138978245
9298,138978279
9299,138978307
9300,138978335
9301,138978345
9302,138978365
9303,138978398
9304,138978407
9305,138978419
9306,138978429
9307,138978447
9308,138978467
9309,138978478
9310,138978498
9311,138978519
9312,138978552
9313,138978592
9314,138978627
9315,138978664
9316,138978682
9317,138978707
9318,138978721
9319,138978745
9320,138978778
9321,138978818
9322,138978847
9323,138978882
9324,138978903
9325,138978915
9326,138978930
9327,138978952
9328,138978967
9329,138978982
9330,138978997
9331,138979011
9332,138979035
9333,138979054
9334,138979101
9335,138979118
9336,138979162
9337,138979189
9338,138979227
9339,138979297
9340,138979303
9341,138979332
9342,138979361
9343,138979385
9344,138979413
9345,138979424
9346,138979431
9347,138979447
9348,138979464
9349,138979482
9350,138979499
9351,138979513
9352,138979532
9353,138979550
9354,138979574
9355,138979585
9356,138979598
9357,138979615
9358,138979634
9359,138979649
9360,138979688
9361,138979721
9362,138979769
9363,138979792
9364,138979822
9365,138979853
9366,138979867
9367,138979881
9368,138979904
9369,138979916
9370,138979933
9371,138979950
9372,138979970
9373,138979981
9374,138979999
9375,138980017
9376,138980034
9377,138980056
9378,138980068
9379,138980104
9380,138980128
9381,138980148
9382,138980170
9383,138980185
9384,138980226
9385,138980284
9386,138980309
9387,138980337
9388,138980369
9389,138980381
9390,138980391
9391,138980405
9392,138980421
9393,138980435
9394,138980453
9395,138980468
9396,138980485
9397,138980501
9398,138980522
9399,138980537
9400,138980552
9401,138980587
9402,138980620
9403,138980660
9404,138980705
9405,138980763
9406,138980817
9407,138980837
9408,138980881
9409,138980888
9410,138980901
9411,138980918
9412,138980936
9413,138980953
9414,138980971
9415,138980988
9416,138981012
9417,138981024
9418,138981049
9419,138981062
9420,138981080
9421,138981111
9422,138981127
9423,138981145
9424,138981164
9425,138981203
9426,138981216
9427,138981238
9428,138981266
9429,138981301
9430,138981322
9431,138981332
9432,138981334
9433,138981344
9434,138981358
9435,138981372
9436,138981389
9437,138981409
9438,138981422
9439,138981441
9440,138981459
9441,138981473
9442,138981490
9443,138981512
9444,138981527
9445,138981543
9446,138981564
9447,138981585
9448,138981632
9449,138981641
9450,138981664
9451,138981670
9452,138981709
9453,138981783
9454,138981807
9455,138981833
9456,138981864
9457,138981892
9458,138981900
9459,138981911
9460,138981927
9461,138981947
9462,138981961
9463,138981976
9464,138981994
9465,138982013
9466,138982025
9467,138982041
9468,138982061
9469,138982078
9470,138982096
9471,138982126
9472,138982172
9473,138982191
9474,138982221
9475,138982267
9476,138982282
9477,138982295
9478,138982317
9479,138982342
9480,138982353
9481,138982367
9482,138982379
9483,138982396
9484,138982414
9485,138982427
9486,138982445
9487,138982458
9488,138982474
9489,138982490
9490,138982507
9491,138982524
9492,138982555
9493,138982581
9494,138982592
9495,138982631
9496,138982668
9497,138982699
9498,138982769
9499,138982823
9500,138982842
9501,138982854
9502,138982866
9503,138982885
9504,138982901
9505,138982914
9506,138982930
9507,138982945
9508,138982968
9509,138982979
9510,138982995
9511,138983009
9512,138983027
9513,138983043
9514,138983061
9515,138983095
9516,138983117
9517,138983141
9518,138983214
9519,138983301
9520,138983310
9521,138983334
9522,138983358
9523,138983379
9524,138983390
9525,138983406
9526,138983419
9527,138983438
9528,138983453
9529,138983471
9530,138983492
9531,138983504
9532,138983524
9533,138983538
9534,138983560
9535,138983577
9536,138983619
9537,138983659
9538,138983698
9539,138983716
9540,138983778
9541,138983791
9542,138983819
9543,138983833
9544,138983857
9545,138983890
9546,138983899
9547,138983913
9548,138983932
9549,138983949
9550,138983968
9551,138983981
9552,138983998
9553,138984016
9554,138984037
9555,138984044
9556,138984064
9557,138984085
9558,138984122
9559,138984153
9560,138984168
9561,138984237
9562,138984274
9563,138984309
9564,138984336
9565,138984361
9566,138984375
9567,138984385
9568,138984407
9569,138984422
9570,138984436
9571,138984452
9572,138984468
9573,138984485
9574,138984502
9575,138984519
9576,138984534
9577,138984560
9578,138984591
9579,138984602
9580,138984634
9581,138984645
9582,138984669
9583,138984687
9584,138984725
9585,138984767
9586,138984782
9587,138984793
9588,138984811
9589,138984829
9590,138984838
9591,138984854
9592,138984876
9593,138984888
9594,138984906
9595,138984919
9596,138984936
9597,138984953
9598,138984969
9599,138984985
9600,138985003
9601,138985018
9602,138985033
9603,138985049
9604,138985065
9605,138985096
9606,138985129
9607,138985155
9608,138985183
9609,138985218
9610,138985264
9611,138985285
9612,138985314
9613,138985340
9614,138985370
9615,138985395
9616,138985426
9617,138985431
9618,138985448
9619,138985463
9620,138985480
9621,138985497
9622,138985516
9623,138985532
9624,138985549
9625,138985573
9626,138985602
9627,138985646
9628,138985672
9629,138985723
9630,138985757
9631,138985778
9632,138985822
9633,138985839
9634,138985863
9635,138985884
9636,138985899
9637,138985923
9638,138985939
9639,138985963
9640,138985989
9641,138986008
9642,138986018
9643,138986033
9644,138986049
9645,138986096
9646,138986112
9647,138986152
9648,138986162
9649,138986187
9650,138986198
9651,138986233
9652,138986277
9653,138986297
9654,138986316
9655,138986325
9656,138986358
9657,138986376
9658,138986396
9659,138986406
9660,138986427
9661,138986442
9662,138986460
9663,138986474
9664,138986487
9665,138986509
9666,138986527
9667,138986538
9668,138986553
9669,138986597
9670,138986608
9671,138986622
9672,138986645
9673,138986661
9674,138986673
9675,138986698
9676,138986707
9677,138986730
9678,138986779
9679,138986789
9680,138986813
9681,138986838
9682,138986854
9683,138986877
9684,138986890
9685,138986909
9686,138986923
9687,138986941
9688,138986961
9689,138986975
9690,138986995
9691,138987011
9692,138987031
9693,138987054
9694,138987076
9695,138987089
9696,138987106
9697,138987143
9698,138987165
9699,138987181
9700,138987196
9701,138987220
9702,138987248
9703,138987258
9704,138987268
9705,138987299
9706,138987327
9707,138987341
9708,138987370
9709,138987386
9710,138987407
9711,138987424
9712,138987443
9713,138987464
9714,138987488
9715,138987507
9716,138987529
9717,138987538
9718,138987560
9719,138987582
9720,138987617
9721,138987628
9722,138987636
9723,138987652
9724,138987662
9725,138987674
9726,138987687
9727,138987720
9728,138987728
9729,138987741
9730,138987754
9731,138987766
9732,138987785
9733,138987813
9734,138987819
9735,138987847
9736,138987878
9737,138987899
9738,138987913
9739,138987939
9740,138987964
9741,138987984
9742,138988001
9743,138988462
9744,138988466
9745,138988474
9746,138988497
9747,138988516
9748,138988529
9749,138988562
9750,138988598
9751,138988644
9752,138988675
9753,138988687
9754,138988713
9755,138988725
9756,138988745
9757,138988772
9758,138988794
9759,138988813
9760,138988823
9761,138988843
9762,138988854
9763,138988864
9764,138988879
9765,138988897
9766,138988918
9767,138988931
9768,138988950
9769,138988970
9770,138988988
9771,138989004
9772,138989022
9773,138989041
9774,138989059
9775,138989078
9776,138989103
9777,138989108
9778,138989135
9779,138989175
9780,138989204
9781,138989220
9782,138989243
9783,138989276
9784,138989295
9785,138989327
9786,138989351
9787,138989379
9788,138989403
9789,138989419
9790,138989438
9791,138989463
9792,138989473
9793,138989506
9794,138989531
9795,138989549
9796,138989575
9797,138989591
9798,138989609
9799,138989641
9800,138989658
9801,138989699
9802,138989714
9803,138989762
9804,138989782
9805,138989813
9806,138989849
9807,138989866
9808,138989891
9809,138989913
9810,138989923
9811,138989936
9812,138989956
9813,138989973
9814,138989987
9815,138990002
9816,138990019
9817,138990036
9818,138990055
9819,138990072
9820,138990107
9821,138990126
9822,138990145
9823,138990162
9824,138990180
9825,138990208
9826,138990217
9827,138990260
9828,138990291
9829,138990320
9830,138990350
9831,138990381
9832,138990412
9833,138990438
9834,138990451
9835,138990459
9836,138990473
9837,138990494
9838,138990506
9839,138990523
9840,138990537
9841,138990553
9842,138990572
9843,138990590
9844,138990612
9845,138990624
9846,138990646
9847,138990677
9848,138990698
9849,138990726
9850,138990765
9851,138990788
9852,138990809
9853,138990826
9854,138990843
9855,138990861
9856,138990875
9857,138990891
9858,138990909
9859,138990928
9860,138990942
9861,138990958
9862,138990975
9863,138990993
9864,138991007
9865,138991023
9866,138991045
9867,138991060
9868,138991077
9869,138991099
9870,138991109
9871,138991128
9872,138991154
9873,138991185
9874,138991203
9875,138991239
9876,138991271
9877,138991289
9878,138991324
9879,138991347
9880,138991360
9881,138991383
9882,138991397
9883,138991410
9884,138991426
9885,138991444
9886,138991461
9887,138991476
9888,138991492
9889,138991509
9890,138991526
9891,138991543
9892,138991560
9893,138991597
9894,138991626
9895,138991643
9896,138991661
9897,138991683
9898,138991730
9899,138991768
9900,138991793
9901,138991812
9902,138991827
9903,138991851
9904,138991863
9905,138991882
9906,138991894
9907,138991912
9908,138991928
9909,138991946
9910,138991961
9911,138991978
9912,138991995
9913,138992010
9914,138992026
9915,138992044
9916,138992059
9917,138992081
9918,138992101
9919,138992109
9920,138992131
9921,138992148
9922,138992166
9923,138992178
9924,138992205
9925,138992229
9926,138992256
9927,138992276
9928,138992316
9929,138992347
9930,138992358
9931,138992380
9932,138992407
9933,138992415
9934,138992431
9935,138992446
9936,138992464
9937,138992479
9938,138992495
9939,138992512
9940,138992528
9941,138992552
9942,138992570
9943,138992584
9944,138992595
9945,138992636
9946,138992653
9947,138992671
9948,138992685
9949,138992701
9950,138992730
9951,138992747
9952,138992760
9953,138992782
9954,138992797
9955,138992824
9956,138992838
9957,138992866
9958,138992890
9959,138992903
9960,138992931
9961,138992955
9962,138992968
9963,138992982
9964,138992998
9965,138993014
9966,138993031
9967,138993047
9968,138993068
9969,138993080
9970,138993097
9971,138993115
9972,138993130
9973,138993146
9974,138993162
9975,138993183
9976,138993195
9977,138993225
9978,138993275
9979,138993292
9980,138993321
9981,138993334
9982,138993351
9983,138993368
9984,138993382
9985,138993399
9986,138993415
9987,138993432
9988,138993449
9989,138993467
9990,138993484
9991,138993499
9992,138993515
9993,138993531
9994,138993548
9995,138993573
9996,138993584
9997,138993608
9998,138993619
9999,138993640
10000,138993665
10001,138993674
10002,138993683
10003,138993702
10004,138993729
10005,138993776
10006,138993791
10007,138993833
10008,138993848
10009,138993871
10010,138993894
10011,138993910
10012,138993919
10013,138993936
10014,138993951
10015,138993966
10016,138993983
10017,138993999
10018,138994016
10019,138994032
10020,138994050
10021,138994068
10022,138994080
10023,138994102
10024,138994127
10025,138994137
10026,138994176
10027,138994187
10028,138994220
10029,138994239
10030,138994261
10031,138994274
10032,138994302
10033,138994323
10034,138994336
10035,138994352
10036,138994367
10037,138994386
10038,138994402
10039,138994419
10040,138994435
10041,138994453
10042,138994471
10043,138994485
10044,138994500
10045,138994517
10046,138994532
10047,138994548
10048,138994567
10049,138994586
10050,138994605
10051,138994633
10052,138994689
10053,138994718
10054,138994755
10055,138994807
10056,138994841
10057,138994877
10058,138994889
10059,138994904
10060,138994923
10061,138994938
10062,138994967
10063,138994973
10064,138994986
10065,138995008
10066,138995018
10067,138995035
10068,138995055
10069,138995073
10070,138995087
10071,138995128
10072,138995146
10073,138995180
10074,138995204
10075,138995236
10076,138995255
10077,138995273
10078,138995293
10079,138995325
10080,138995333
10081,138995345
10082,138995361
10083,138995373
10084,138995394
10085,138995405
10086,138995421
10087,138995438
10088,138995455
10089,138995472
10090,138995488
10091,138995504
10092,138995522
10093,138995537
10094,138995563
10095,138995574
10096,138995601
10097,138995644
10098,138995670
10099,138995705
10100,138995735
10101,138995758
10102,138995799
10103,138995825
10104,138995840
10105,138995862
10106,138995903
10107,138995928
10108,138995942
10109,138995959
10110,138995973
10111,138995991
10112,138996007
10113,138996023
10114,138996045
10115,138996057
10116,138996072
10117,138996108
10118,138996128
10119,138996149
10120,138996166
10121,138996184
10122,138996210
10123,138996225
10124,138996241
10125,138996253
10126,138996275
10127,138996304
10128,138996324
10129,138996362
10130,138996377
10131,138996390
10132,138996424
10133,138996448
10134,138996472
10135,138996489
10136,138996506
10137,138996524
10138,138996539
10139,138996556
10140,138996588
10141,138996635
10142,138996666
10143,138996716
10144,138996787
10145,138996821
10146,138996858
10147,138996890
10148,138996919
10149,138996939
10150,138996961
10151,138996974
10152,138996989
10153,138997011
10154,138997022
10155,138997041
10156,138997063
10157,138997075
10158,138997088
10159,138997117
10160,138997126
10161,138997177
10162,138997199
10163,138997223
10164,138997233
10165,138997259
10166,138997285
10167,138997294
10168,138997327
10169,138997345
10170,138997361
10171,138997376
10172,138997391
10173,138997403
10174,138997416
10175,138997424
10176,138997441
10177,138997457
10178,138997477
10179,138997491
10180,138997507
10181,138997524
10182,138997540
10183,138997558
10184,138997575
10185,138997594
10186,138997611
10187,138997629
10188,138997659
10189,138997687
10190,138997754
10191,138997773
10192,138997801
10193,138997824
10194,138997838
10195,138997850
10196,138997875
10197,138997900
10198,138997918
10199,138997949
10200,138997964
10201,138997992
10202,138998010
10203,138998026
10204,138998046
10205,138998063
10206,138998080
10207,138998096
10208,138998112
10209,138998147
10210,138998161
10211,138998194
10212,138998225
10213,138998265
10214,138998303
10215,138998332
10216,138998348
10217,138998367
10218,138998398
10219,138998416
10220,138998432
10221,138998445
10222,138998466
10223,138998477
10224,138998494
10225,138998509
10226,138998527
10227,138998543
10228,138998559
10229,138998577
10230,138998601
10231,138998609
10232,138998630
10233,138998648
10234,138998668
10235,138998686
10236,138998709
10237,138998727
10238,138998758
10239,138998814
10240,138998819
10241,138998838
10242,138998863
10243,138999180
10244,138999185
10245,138999199
10246,138999243
10247,138999321
10248,138999363
10249,138999390
10250,138999401
10251,138999425
10252,138999433
10253,138999448
10254,138999466
10255,138999482
10256,138999498
10257,138999516
10258,138999536
10259,138999549
10260,138999565
10261,138999581
10262,138999597
10263,138999617
10264,138999629
10265,138999656
10266,138999676
10267,138999698
10268,138999732
10269,138999749
10270,138999776
10271,138999827
10272,138999850
10273,138999874
10274,138999909
10275,138999922
10276,138999941
10277,138999966
10278,138999988
10279,139000000
10280,139000016
10281,139000037
10282,139000050
10283,139000066
10284,139000101
10285,139000116
10286,139000124
10287,139000152
10288,139000158
10289,139000166
10290,139000177
10291,139000202
10292,139000235
10293,139000261
10294,139000284
10295,139000311
10296,139000333
10297,139000354
10298,139000370
10299,139000387
10300,139000397
10301,139000415
10302,139000434
10303,139000449
10304,139000466
10305,139000485
10306,139000500
10307,139000521
10308,139000536
10309,139000554
10310,139000566
10311,139000587
10312,139000601
10313,139000618
10314,139000632
10315,139000649
10316,139000672
10317,139000681
10318,139000702
10319,139000718
10320,139000742
10321,139000760
10322,139000775
10323,139000836
10324,139000855
10325,139000887
10326,139000923
10327,139000938
10328,139000952
10329,139000968
10330,139000987
10331,139001000
10332,139001017
10333,139001034
10334,139001060
10335,139001067
10336,139001110
10337,139001149
10338,139001212
10339,139001253
10340,139001283
10341,139001288
10342,139001318
10343,139001328
10344,139001339
10345,139001351
10346,139001366
10347,139001382
10348,139001422
10349,139001454
10350,139001479
10351,139001490
10352,139001502
10353,139001519
10354,139001536
10355,139001554
10356,139001569
10357,139001590
10358,139001606
10359,139001623
10360,139001637
10361,139001665
10362,139001696
10363,139001719
10364,139001754
10365,139001798
10366,139001820
10367,139001857
10368,139001876
10369,139001904
10370,139001921
10371,139001935
10372,139001955
10373,139001969
10374,139001985
10375,139002002
10376,139002018
10377,139002039
10378,139002053
10379,139002069
10380,139002110
10381,139002120
10382,139002126
10383,139002143
10384,139002164
10385,139002173
10386,139002185
10387,139002202
10388,139002224
10389,139002252
10390,139002267
10391,139002289
10392,139002304
10393,139002319
10394,139002338
10395,139002362
10396,139002392
10397,139002409
10398,139002427
10399,139002438
10400,139002457
10401,139002476
10402,139002490
10403,139002508
10404,139002523
10405,139002537
10406,139002554
10407,139002584
10408,139002591
10409,139002606
10410,139002629
10411,139002662
10412,139002675
10413,139002695
10414,139002733
10415,139002738
10416,139002755
10417,139002783
10418,139002825
10419,139002840
10420,139002855
10421,139002875
10422,139002902
10423,139002924
10424,139002934
10425,139002963
10426,139002978
10427,139002994
10428,139003010
10429,139003026
10430,139003043
10431,139003057
10432,139003073
10433,139003090
10434,139003107
10435,139003131
10436,139003158
10437,139003178
10438,139003222
10439,139003250
10440,139003273
10441,139003289
10442,139003321
10443,139003348
10444,139003373
10445,139003395
10446,139003423
10447,139003442
10448,139003455
10449,139003473
10450,139003491
10451,139003508
10452,139003529
10453,139003544
10454,139003569
10455,139003576
10456,139003594
10457,139003624
10458,139003631
10459,139003649
10460,139003669
10461,139003714
10462,139003786
10463,139003812
10464,139003849
10465,139003888
10466,139003906
10467,139003928
10468,139003941
10469,139003960
10470,139003976
10471,139003992
10472,139004009
10473,139004027
10474,139004046
10475,139004065
10476,139004079
10477,139004100
10478,139004120
10479,139004133
10480,139004152
10481,139004178
10482,139004217
10483,139004226
10484,139004263
10485,139004290
10486,139004317
10487,139004345
10488,139004354
10489,139004388
10490,139004418
10491,139004439
10492,139004454
10493,139004472
10494,139004491
10495,139004507
10496,139004526
10497,139004548
10498,139004561
10499,139004576
10500,139004600
10501,139004626
10502,139004674
10503,139004684
10504,139004695
10505,139004730
10506,139004752
10507,139004774
10508,139004795
10509,139004809
10510,139004826
10511,139004854
10512,139004874
10513,139004893
10514,139004907
10515,139004922
10516,139004939
10517,139004955
10518,139004973
10519,139004990
10520,139005012
10521,139005023
10522,139005040
10523,139005058
10524,139005075
10525,139005095
10526,139005142
10527,139005148
10528,139005182
10529,139005218
10530,139005229
10531,139005275
10532,139005298
10533,139005334
10534,139005357
10535,139005390
10536,139005413
10537,139005432
10538,139005447
10539,139005460
10540,139005477
10541,139005496
10542,139005510
10543,139005527
10544,139005544
10545,139005562
10546,139005577
10547,139005592
10548,139005611
10549,139005633
10550,139005647
10551,139005679
10552,139005693
10553,139005724
10554,139005746
10555,139005776
10556,139005802
10557,139005825
10558,139005846
10559,139005870
10560,139005906
10561,139005928
10562,139005948
10563,139005955
10564,139005972
10565,139005987
10566,139006004
10567,139006022
10568,139006038
10569,139006056
10570,139006074
10571,139006092
10572,139006113
10573,139006139
10574,139006202
10575,139006242
10576,139006283
10577,139006334
10578,139006364
10579,139006378
10580,139006396
10581,139006411
10582,139006447
10583,139006464
10584,139006479
10585,139006499
10586,139006514
10587,139006532
10588,139006547
10589,139006562
10590,139006580
10591,139006618
10592,139006645
10593,139006661
10594,139006680
10595,139006702
10596,139006716
10597,139006745
10598,139006795
10599,139006810
10600,139006839
10601,139006849
10602,139006885
10603,139006901
10604,139006916
10605,139006932
10606,139006946
10607,139006961
10608,139006983
10609,139006996
10610,139007013
10611,139007031
10612,139007047
10613,139007063
10614,139007084
10615,139007100
10616,139007118
10617,139007151
10618,139007167
10619,139007204
10620,139007230
10621,139007254
10622,139007287
10623,139007334
10624,139007373
10625,139007397
10626,139007416
10627,139007433
10628,139007448
10629,139007464
10630,139007481
10631,139007498
10632,139007514
10633,139007530
10634,139007547
10635,139007565
10636,139007581
10637,139007620
10638,139007632
10639,139007653
10640,139007688
10641,139007720
10642,139007734
10643,139007766
10644,139007818
10645,139007834
10646,139007857
10647,139007885
10648,139007901
10649,139007920
10650,139007940
10651,139007960
10652,139007973
10653,139007987
10654,139007998
10655,139008014
10656,139008030
10657,139008047
10658,139008064
10659,139008082
10660,139008101
10661,139008113
10662,139008133
10663,139008150
10664,139008190
10665,139008203
10666,139008249
10667,139008261
10668,139008326
10669,139008346
10670,139008370
10671,139008376
10672,139008406
10673,139008415
10674,139008425
10675,139008434
10676,139008453
10677,139008467
10678,139008484
10679,139008501
10680,139008517
10681,139008533
10682,139008552
10683,139008566
10684,139008581
10685,139008598
10686,139008613
10687,139008639
10688,139008655
10689,139008667
10690,139008683
10691,139008702
10692,139008729
10693,139008773
10694,139008786
10695,139008809
10696,139008827
10697,139008877
10698,139008888
10699,139008906
10700,139008932
10701,139008953
10702,139008971
10703,139008987
10704,139009003
10705,139009021
10706,139009037
10707,139009051
10708,139009067
10709,139009084
10710,139009098
10711,139009116
10712,139009135
10713,139009155
10714,139009168
10715,139009179
10716,139009202
10717,139009217
10718,139009235
10719,139009248
10720,139009268
10721,139009289
10722,139009301
10723,139009326
10724,139009341
10725,139009359
10726,139009378
10727,139009400
10728,139009416
10729,139009424
10730,139009438
10731,139009455
10732,139009478
10733,139009487
10734,139009505
10735,139009521
10736,139009536
10737,139009554
10738,139009572
10739,139009586
10740,139009618
10741,139009649
10742,139009690
10743,139010087
10744,139010092
10745,139010105
10746,139010123
10747,139010144
10748,139010169
10749,139010181
10750,139010208
10751,139010235
10752,139010271
10753,139010304
10754,139010328
10755,139010342
10756,139010361
10757,139010380
10758,139010388
10759,139010401
10760,139010419
10761,139010441
10762,139010469
10763,139010477
10764,139010486
10765,139010504
10766,139010525
10767,139010539
10768,139010556
10769,139010572
10770,139010589
10771,139010607
10772,139010626
10773,139010638
10774,139010660
10775,139010695
10776,139010708
10777,139010741
10778,139010780
10779,139010796
10780,139010841
10781,139010866
10782,139010908
10783,139010917
10784,139010952
10785,139010976
10786,139010998
10787,139011007
10788,139011023
10789,139011045
10790,139011056
10791,139011073
10792,139011094
10793,139011106
10794,139011132
10795,139011149
10796,139011173
10797,139011192
10798,139011231
10799,139011249
10800,139011289
10801,139011344
10802,139011382
10803,139011393
10804,139011408
10805,139011423
10806,139011441
10807,139011465
10808,139011476
10809,139011493
10810,139011510
10811,139011526
10812,139011541
10813,139011557
10814,139011572
10815,139011589
10816,139011608
10817,139011622
10818,139011639
10819,139011656
10820,139011672
10821,139011690
10822,139011704
10823,139011737
10824,139011762
10825,139011781
10826,139011813
10827,139011829
10828,139011849
10829,139011881
10830,139011908
10831,139011920
10832,139011930
10833,139011973
10834,139011990
10835,139011995
10836,139012009
10837,139012025
10838,139012042
10839,139012062
10840,139012079
10841,139012093
10842,139012114
10843,139012129
10844,139012157
10845,139012193
10846,139012207
10847,139012270
10848,139012308
10849,139012364
10850,139012397
10851,139012412
10852,139012446
10853,139012474
10854,139012494
10855,139012509
10856,139012526
10857,139012543
10858,139012560
10859,139012577
10860,139012594
10861,139012611
10862,139012628
10863,139012645
10864,139012675
10865,139012685
10866,139012697
10867,139012715
10868,139012731
10869,139012745
10870,139012768
10871,139012778
10872,139012807
10873,139012822
10874,139012845
10875,139012863
10876,139012903
10877,139012922
10878,139012943
10879,139012955
10880,139012983
10881,139013011
10882,139013042
10883,139013069
10884,139013105
10885,139013138
10886,139013166
10887,139013214
10888,139013250
10889,139013270
10890,139013302
10891,139013400
10892,139013409
10893,139013420
10894,139013430
10895,139013448
10896,139013467
10897,139013479
10898,139013496
10899,139013513
10900,139013530
10901,139013547
10902,139013564
10903,139013576
10904,139013598
10905,139013611
10906,139013625
10907,139013641
10908,139013685
10909,139013727
10910,139013746
10911,139013776
10912,139013819
10913,139013857
10914,139013882
10915,139013904
10916,139013938
10917,139013948
10918,139013968
10919,139013980
10920,139013997
10921,139014014
10922,139014030
10923,139014046
10924,139014064
10925,139014081
10926,139014095
10927,139014119
10928,139014128
10929,139014154
10930,139014177
10931,139014196
10932,139014229
10933,139014260
10934,139014305
10935,139014354
10936,139014385
10937,139014425
10938,139014436
10939,139014460
10940,139014473
10941,139014482
10942,139014501
10943,139014515
10944,139014533
10945,139014549
10946,139014564
10947,139014584
10948,139014597
10949,139014615
10950,139014639
10951,139014648
10952,139014704
10953,139014724
10954,139014752
10955,139014758
10956,139014793
10957,139014817
10958,139014835
10959,139014851
10960,139014886
10961,139014914
10962,139014933
10963,139014951
10964,139014972
10965,139014993
10966,139015017
10967,139015034
10968,139015049
10969,139015066
10970,139015082
10971,139015097
10972,139015118
10973,139015135
10974,139015155
10975,139015172
10976,139015187
10977,139015217
10978,139015249
10979,139015298
10980,139015325
10981,139015358
10982,139015383
10983,139015399
10984,139015413
10985,139015424
10986,139015437
10987,139015454
10988,139015473
10989,139015487
10990,139015504
10991,139015520
10992,139015540
10993,139015552
10994,139015568
10995,139015584
10996,139015599
10997,139015617
10998,139015638
10999,139015655
11000,139015662
11001,139015682
11002,139015700
11003,139015728
11004,139015752
11005,139015800
11006,139015822
11007,139015867
11008,139015899
11009,139015918
11010,139015940
11011,139015965
11012,139015974
11013,139015986
11014,139016008
11015,139016021
11016,139016037
11017,139016053
11018,139016070
11019,139016086
11020,139016102
11021,139016121
11022,139016140
11023,139016158
11024,139016168
11025,139016193
11026,139016229
11027,139016241
11028,139016269
11029,139016290
11030,139016323
11031,139016363
11032,139016386
11033,139016410
11034,139016444
11035,139016470
11036,139016481
11037,139016492
11038,139016508
11039,139016526
11040,139016539
11041,139016554
11042,139016575
11043,139016587
11044,139016608
11045,139016620
11046,139016636
11047,139016656
11048,139016674
11049,139016688
11050,139016702
11051,139016722
11052,139016754
11053,139016819
11054,139016843
11055,139016888
11056,139016920
11057,139016940
11058,139016964
11059,139016981
11060,139016988
11061,139017009
11062,139017032
11063,139017042
11064,139017054
11065,139017072
11066,139017091
11067,139017104
11068,139017121
11069,139017138
11070,139017154
11071,139017170
11072,139017192
11073,139017203
11074,139017220
11075,139017241
11076,139017254
11077,139017271
11078,139017286
11079,139017306
11080,139017321
11081,139017336
11082,139017362
11083,139017377
11084,139017390
11085,139017405
11086,139017425
11087,139017440
11088,139017456
11089,139017474
11090,139017490
11091,139017506
11092,139017522
11093,139017539
11094,139017557
11095,139017572
11096,139017591
11097,139017606
11098,139017621
11099,139017642
11100,139017656
11101,139017671
11102,139017690
11103,139017705
11104,139017721
11105,139017739
11106,139017756
11107,139017771
11108,139017788
11109,139017805
11110,139017822
11111,139017841
11112,139017858
11113,139017874
11114,139017889
11115,139017906
11116,139017923
11117,139017945
11118,139017957
11119,139017973
11120,139017996
11121,139018007
11122,139018024
11123,139018041
11124,139018063
11125,139018077
11126,139018090
11127,139018113
11128,139018125
11129,139018140
11130,139018161
11131,139018174
11132,139018190
11133,139018206
11134,139018223
11135,139018240
11136,139018257
11137,139018275
11138,139018293
11139,139018307
11140,139018326
11141,139018341
11142,139018357
11143,139018374
11144,139018390
11145,139018414
11146,139018425
11147,139018441
11148,139018460
11149,139018475
11150,139018491
11151,139018516
11152,139018526
11153,139018542
11154,139018564
11155,139018578
11156,139018592
11157,139018609
11158,139018627
11159,139018641
11160,139018658
11161,139018676
11162,139018691
11163,139018707
11164,139018724
11165,139018746
11166,139018759
11167,139018772
11168,139018796
11169,139018808
11170,139018823
11171,139018844
11172,139018856
11173,139018874
11174,139018894
11175,139018908
11176,139018924
11177,139018942
11178,139018958
11179,139018976
11180,139018992
11181,139019009
11182,139019031
11183,139019045
11184,139019061
11185,139019081
11186,139019094
11187,139019111
11188,139019127
11189,139019143
11190,139019160
11191,139019179
11192,139019193
11193,139019209
11194,139019231
11195,139019244
11196,139019261
11197,139019280
11198,139019292
11199,139019308
11200,139019330
11201,139019341
11202,139019359
11203,139019376
11204,139019390
11205,139019416
11206,139019427
11207,139019442
11208,139019459
11209,139019477
11210,139019493
11211,139019509
11212,139019530
11213,139019543
11214,139019560
11215,139019581
11216,139019597
11217,139019611
11218,139019636
11219,139019653
11220,139019666
11221,139019679
11222,139019699
11223,139019711
11224,139019728
11225,139019748
11226,139019761
11227,139019780
11228,139019794
11229,139019810
11230,139019828
11231,139019847
11232,139019861
11233,139019880
11234,139019897
11235,139019910
11236,139019927
11237,139019945
11238,139019961
11239,139019977
11240,139019994
11241,139020013
11242,139020029
11243,139020044
11244,139020061
11245,139020077
11246,139020095
11247,139020112
11248,139020136
11249,139020147
11250,139020162
11251,139020178
11252,139020194
11253,139020214
11254,139020231
11255,139020246
11256,139020262
11257,139020280
11258,139020295
11259,139020312
11260,139020335
11261,139020346
11262,139020361
11263,139020383
11264,139020396
11265,139020414
11266,139020427
11267,139020446
11268,139020462
11269,139020478
11270,139020495
11271,139020515
11272,139020529
11273,139020545
11274,139020566
11275,139020578
11276,139020598
11277,139020617
11278,139020629
11279,139020645
11280,139020667
11281,139020681
11282,139020696
11283,139020720
11284,139020730
11285,139020746
11286,139020767
11287,139020780
11288,139020796
11289,139020817
11290,139020831
11291,139020848
11292,139020864
11293,139020886
11294,139020897
11295,139020913
11296,139020930
11297,139020946
11298,139020963
11299,139020981
11300,139020996
11301,139021013
11302,139021035
11303,139021051
11304,139021063
11305,139021081
11306,139021097
11307,139021113
11308,139021135
11309,139021147
11310,139021163
11311,139021181
11312,139021197
11313,139021213
11314,139021231
11315,139021248
11316,139021266
11317,139021283
11318,139021298
11319,139021315
11320,139021331
11321,139021349
11322,139021370
11323,139021381
11324,139021398
11325,139021420
11326,139021431
11327,139021448
11328,139021464
11329,139021481
11330,139021500
11331,139021516
11332,139021531
11333,139021549
11334,139021570
11335,139021582
11336,139021598
11337,139021617
11338,139021632
11339,139021650
11340,139021667
11341,139021683
11342,139021700
11343,139021715
11344,139021736
11345,139021750
11346,139021770
11347,139021786
11348,139021799
11349,139021817
11350,139021832
11351,139021848
11352,139021864
11353,139021882
11354,139021900
11355,139021918
11356,139021933
11357,139021949
11358,139021965
11359,139021982
11360,139021999
11361,139022019
11362,139022034
11363,139022048
11364,139022066
11365,139022088
11366,139022099
11367,139022116
11368,139022131
11369,139022149
11370,139022172
11371,139022183
11372,139022199
11373,139022222
11374,139022233
11375,139022250
11376,139022273
11377,139022287
11378,139022301
11379,139022317
11380,139022334
11381,139022350
11382,139022368
11383,139022394
11384,139022408
11385,139022420
11386,139022438
11387,139022452
11388,139022466
11389,139022486
11390,139022499
11391,139022516
11392,139022532
11393,139022551
11394,139022566
11395,139022583
11396,139022606
11397,139022620
11398,139022633
11399,139022651
11400,139022666
11401,139022682
11402,139022699
11403,139022716
11404,139022733
11405,139022749
11406,139022766
11407,139022784
11408,139022799
11409,139022817
11410,139022835
11411,139022851
11412,139022869
11413,139022884
11414,139022903
11415,139022919
11416,139022936
11417,139022953
11418,139022968
11419,139022986
11420,139023001
11421,139023019
11422,139023036
11423,139023053
11424,139023069
11425,139023085
11426,139023103
11427,139023119
11428,139023135
11429,139023153
11430,139023167
11431,139023184
11432,139023199
11433,139023218
11434,139023233
11435,139023285
11436,139023321
11437,139023353
11438,139023369
11439,139023388
11440,139023406
11441,139023418
11442,139023439
11443,139023457
11444,139023471
11445,139023487
11446,139023508
11447,139023521
11448,139023536
11449,139023554
11450,139023577
11451,139023588
11452,139023603
11453,139023622
11454,139023638
11455,139023654
11456,139023675
11457,139023688
11458,139023702
11459,139023722
11460,139023736
11461,139023753
11462,139023775
11463,139023787
11464,139023801
11465,139023820
11466,139023835
11467,139023852
11468,139023869
11469,139023886
11470,139023903
11471,139023930
11472,139023940
11473,139023955
11474,139023976
11475,139023990
11476,139024005
11477,139024022
11478,139024041
11479,139024065
11480,139024073
11481,139024090
11482,139024106
11483,139024121
11484,139024138
11485,139024158
11486,139024173
11487,139024190
11488,139024205
11489,139024220
11490,139024244
11491,139024258
11492,139024269
11493,139024291
11494,139024306
11495,139024320
11496,139024341
11497,139024353
11498,139024370
11499,139024397
11500,139024406
11501,139024420
11502,139024442
11503,139024454
11504,139024470
11505,139024495
11506,139024509
11507,139024522
11508,139024539
11509,139024556
11510,139024572
11511,139024588
11512,139024606
11513,139024623
11514,139024639
11515,139024656
11516,139024671
11517,139024689
11518,139024704
11519,139024722
11520,139024749
11521,139024756
11522,139024774
11523,139024792
11524,139024806
11525,139024821
11526,139024838
11527,139024854
11528,139024874
11529,139024888
11530,139024903
11531,139024927
11532,139024940
11533,139024956
11534,139024972
11535,139024990
11536,139025007
11537,139025025
11538,139025047
11539,139025058
11540,139025074
11541,139025089
11542,139025106
11543,139025124
11544,139025140
11545,139025156
11546,139025178
11547,139025190
11548,139025205
11549,139025221
11550,139025238
11551,139025256
11552,139025271
11553,139025288
11554,139025305
11555,139025327
11556,139025342
11557,139025354
11558,139025375
11559,139025388
11560,139025405
11561,139025423
11562,139025438
11563,139025457
11564,139025473
11565,139025490
11566,139025507
11567,139025525
11568,139025541
11569,139025562
11570,139025576
11571,139025592
11572,139025609
11573,139025625
11574,139025643
11575,139025659
11576,139025675
11577,139025693
11578,139025709
11579,139025727
11580,139025748
11581,139025762
11582,139025775
11583,139025793
11584,139025817
11585,139025831
11586,139025843
11587,139025859
11588,139025883
11589,139025894
11590,139025911
11591,139025926
11592,139025944
11593,139025958
11594,139025975
11595,139025992
11596,139026007
11597,139026024
11598,139026042
11599,139026058
11600,139026076
11601,139026091
11602,139026107
11603,139026123
11604,139026139
11605,139026157
11606,139026173
11607,139026190
11608,139026211
11609,139026224
11610,139026243
11611,139026257
11612,139026275
11613,139026293
11614,139026308
11615,139026330
11616,139026346
11617,139026359
11618,139026376
11619,139026394
11620,139026411
11621,139026428
11622,139026443
11623,139026466
11624,139026479
11625,139026494
11626,139026510
11627,139026529
11628,139026545
11629,139026560
11630,139026576
11631,139026591
11632,139026609
11633,139026627
11634,139026644
11635,139026659
11636,139026681
11637,139026696
11638,139026711
11639,139026725
11640,139026742
11641,139026759
11642,139026777
11643,139026804
11644,139026817
11645,139026827
11646,139026845
11647,139026865
11648,139026878
11649,139026897
11650,139026910
11651,139026928
11652,139026944
11653,139026960
11654,139026978
11655,139026994
11656,139027017
11657,139027030
11658,139027043
11659,139027066
11660,139027080
11661,139027096
11662,139027116
11663,139027133
11664,139027144
11665,139027161
11666,139027177
11667,139027194
11668,139027218
11669,139027231
11670,139027246
11671,139027261
11672,139027278
11673,139027295
11674,139027310
11675,139027327
11676,139027344
11677,139027360
11678,139027379
11679,139027401
11680,139027413
11681,139027428
11682,139027452
11683,139027462
11684,139027478
11685,139027500
11686,139027513
11687,139027528
11688,139027546
11689,139027563
11690,139027578
11691,139027597
11692,139027619
11693,139027630
11694,139027646
11695,139027667
11696,139027679
